--
-- PostgreSQL database cluster dump
--

SET default_transaction_read_only = off;

SET client_encoding = 'UTF8';
SET standard_conforming_strings = on;

--
-- Roles
--

CREATE ROLE anon;
ALTER ROLE anon WITH NOSUPERUSER INHERIT NOCREATEROLE NOCREATEDB NOLOGIN NOREPLICATION NOBYPASSRLS;
CREATE ROLE authenticated;
ALTER ROLE authenticated WITH NOSUPERUSER INHERIT NOCREATEROLE NOCREATEDB NOLOGIN NOREPLICATION NOBYPASSRLS;
CREATE ROLE authenticator;
ALTER ROLE authenticator WITH NOSUPERUSER NOINHERIT NOCREATEROLE NOCREATEDB LOGIN NOREPLICATION NOBYPASSRLS;
CREATE ROLE dashboard_user;
ALTER ROLE dashboard_user WITH NOSUPERUSER INHERIT CREATEROLE CREATEDB NOLOGIN REPLICATION NOBYPASSRLS;
CREATE ROLE pgbouncer;
ALTER ROLE pgbouncer WITH NOSUPERUSER INHERIT NOCREATEROLE NOCREATEDB LOGIN NOREPLICATION NOBYPASSRLS;
CREATE ROLE pgsodium_keyholder;
ALTER ROLE pgsodium_keyholder WITH NOSUPERUSER INHERIT NOCREATEROLE NOCREATEDB NOLOGIN NOREPLICATION NOBYPASSRLS;
CREATE ROLE pgsodium_keyiduser;
ALTER ROLE pgsodium_keyiduser WITH NOSUPERUSER INHERIT NOCREATEROLE NOCREATEDB NOLOGIN NOREPLICATION NOBYPASSRLS;
CREATE ROLE pgsodium_keymaker;
ALTER ROLE pgsodium_keymaker WITH NOSUPERUSER INHERIT NOCREATEROLE NOCREATEDB NOLOGIN NOREPLICATION NOBYPASSRLS;
CREATE ROLE postgres;
ALTER ROLE postgres WITH NOSUPERUSER INHERIT CREATEROLE CREATEDB LOGIN REPLICATION BYPASSRLS;
CREATE ROLE service_role;
ALTER ROLE service_role WITH NOSUPERUSER INHERIT NOCREATEROLE NOCREATEDB NOLOGIN NOREPLICATION BYPASSRLS;
CREATE ROLE supabase_admin;
ALTER ROLE supabase_admin WITH SUPERUSER INHERIT CREATEROLE CREATEDB LOGIN REPLICATION BYPASSRLS;
CREATE ROLE supabase_auth_admin;
ALTER ROLE supabase_auth_admin WITH NOSUPERUSER NOINHERIT CREATEROLE NOCREATEDB LOGIN NOREPLICATION NOBYPASSRLS;
CREATE ROLE supabase_read_only_user;
ALTER ROLE supabase_read_only_user WITH NOSUPERUSER INHERIT NOCREATEROLE NOCREATEDB LOGIN NOREPLICATION BYPASSRLS;
CREATE ROLE supabase_realtime_admin;
ALTER ROLE supabase_realtime_admin WITH NOSUPERUSER NOINHERIT NOCREATEROLE NOCREATEDB NOLOGIN NOREPLICATION NOBYPASSRLS;
CREATE ROLE supabase_replication_admin;
ALTER ROLE supabase_replication_admin WITH NOSUPERUSER INHERIT NOCREATEROLE NOCREATEDB LOGIN REPLICATION NOBYPASSRLS;
CREATE ROLE supabase_storage_admin;
ALTER ROLE supabase_storage_admin WITH NOSUPERUSER NOINHERIT CREATEROLE NOCREATEDB LOGIN NOREPLICATION NOBYPASSRLS;

--
-- User Configurations
--

--
-- User Config "anon"
--

ALTER ROLE anon SET statement_timeout TO '3s';

--
-- User Config "authenticated"
--

ALTER ROLE authenticated SET statement_timeout TO '8s';

--
-- User Config "authenticator"
--

ALTER ROLE authenticator SET session_preload_libraries TO 'safeupdate';
ALTER ROLE authenticator SET statement_timeout TO '8s';
ALTER ROLE authenticator SET lock_timeout TO '8s';

--
-- User Config "postgres"
--

ALTER ROLE postgres SET search_path TO E'\\$user', 'public', 'extensions';

--
-- User Config "supabase_admin"
--

ALTER ROLE supabase_admin SET search_path TO '$user', 'public', 'auth', 'extensions';

--
-- User Config "supabase_auth_admin"
--

ALTER ROLE supabase_auth_admin SET search_path TO 'auth';
ALTER ROLE supabase_auth_admin SET idle_in_transaction_session_timeout TO '60000';

--
-- User Config "supabase_storage_admin"
--

ALTER ROLE supabase_storage_admin SET search_path TO 'storage';


--
-- Role memberships
--

GRANT anon TO authenticator GRANTED BY postgres;
GRANT anon TO postgres GRANTED BY supabase_admin;
GRANT authenticated TO authenticator GRANTED BY postgres;
GRANT authenticated TO postgres GRANTED BY supabase_admin;
GRANT authenticator TO supabase_storage_admin GRANTED BY supabase_admin;
GRANT pg_monitor TO postgres GRANTED BY supabase_admin;
GRANT pg_read_all_data TO postgres GRANTED BY supabase_admin;
GRANT pg_read_all_data TO supabase_read_only_user GRANTED BY postgres;
GRANT pg_signal_backend TO postgres GRANTED BY supabase_admin;
GRANT pgsodium_keyholder TO pgsodium_keymaker GRANTED BY supabase_admin;
GRANT pgsodium_keyholder TO postgres WITH ADMIN OPTION GRANTED BY supabase_admin;
GRANT pgsodium_keyholder TO service_role GRANTED BY supabase_admin;
GRANT pgsodium_keyiduser TO pgsodium_keyholder GRANTED BY supabase_admin;
GRANT pgsodium_keyiduser TO pgsodium_keymaker GRANTED BY supabase_admin;
GRANT pgsodium_keyiduser TO postgres WITH ADMIN OPTION GRANTED BY supabase_admin;
GRANT pgsodium_keymaker TO postgres WITH ADMIN OPTION GRANTED BY supabase_admin;
GRANT service_role TO authenticator GRANTED BY postgres;
GRANT service_role TO postgres GRANTED BY supabase_admin;
GRANT supabase_auth_admin TO postgres GRANTED BY supabase_admin;
GRANT supabase_realtime_admin TO postgres GRANTED BY supabase_admin;
GRANT supabase_storage_admin TO postgres GRANTED BY supabase_admin;






--
-- Databases
--

--
-- Database "template1" dump
--

\connect template1

--
-- PostgreSQL database dump
--

-- Dumped from database version 15.6
-- Dumped by pg_dump version 15.10 (Debian 15.10-1.pgdg120+1)

SET statement_timeout = 0;
SET lock_timeout = 0;
SET idle_in_transaction_session_timeout = 0;
SET client_encoding = 'UTF8';
SET standard_conforming_strings = on;
SELECT pg_catalog.set_config('search_path', '', false);
SET check_function_bodies = false;
SET xmloption = content;
SET client_min_messages = warning;
SET row_security = off;

--
-- PostgreSQL database dump complete
--

--
-- Database "postgres" dump
--

\connect postgres

--
-- PostgreSQL database dump
--

-- Dumped from database version 15.6
-- Dumped by pg_dump version 15.10 (Debian 15.10-1.pgdg120+1)

SET statement_timeout = 0;
SET lock_timeout = 0;
SET idle_in_transaction_session_timeout = 0;
SET client_encoding = 'UTF8';
SET standard_conforming_strings = on;
SELECT pg_catalog.set_config('search_path', '', false);
SET check_function_bodies = false;
SET xmloption = content;
SET client_min_messages = warning;
SET row_security = off;

--
-- Name: auth; Type: SCHEMA; Schema: -; Owner: supabase_admin
--

CREATE SCHEMA auth;


ALTER SCHEMA auth OWNER TO supabase_admin;

--
-- Name: extensions; Type: SCHEMA; Schema: -; Owner: postgres
--

CREATE SCHEMA extensions;


ALTER SCHEMA extensions OWNER TO postgres;

--
-- Name: graphql; Type: SCHEMA; Schema: -; Owner: supabase_admin
--

CREATE SCHEMA graphql;


ALTER SCHEMA graphql OWNER TO supabase_admin;

--
-- Name: graphql_public; Type: SCHEMA; Schema: -; Owner: supabase_admin
--

CREATE SCHEMA graphql_public;


ALTER SCHEMA graphql_public OWNER TO supabase_admin;

--
-- Name: pgbouncer; Type: SCHEMA; Schema: -; Owner: pgbouncer
--

CREATE SCHEMA pgbouncer;


ALTER SCHEMA pgbouncer OWNER TO pgbouncer;

--
-- Name: pgsodium; Type: SCHEMA; Schema: -; Owner: supabase_admin
--

CREATE SCHEMA pgsodium;


ALTER SCHEMA pgsodium OWNER TO supabase_admin;

--
-- Name: pgsodium; Type: EXTENSION; Schema: -; Owner: -
--

CREATE EXTENSION IF NOT EXISTS pgsodium WITH SCHEMA pgsodium;


--
-- Name: EXTENSION pgsodium; Type: COMMENT; Schema: -; Owner: 
--

COMMENT ON EXTENSION pgsodium IS 'Pgsodium is a modern cryptography library for Postgres.';


--
-- Name: realtime; Type: SCHEMA; Schema: -; Owner: supabase_admin
--

CREATE SCHEMA realtime;


ALTER SCHEMA realtime OWNER TO supabase_admin;

--
-- Name: storage; Type: SCHEMA; Schema: -; Owner: supabase_admin
--

CREATE SCHEMA storage;


ALTER SCHEMA storage OWNER TO supabase_admin;

--
-- Name: vault; Type: SCHEMA; Schema: -; Owner: supabase_admin
--

CREATE SCHEMA vault;


ALTER SCHEMA vault OWNER TO supabase_admin;

--
-- Name: pg_graphql; Type: EXTENSION; Schema: -; Owner: -
--

CREATE EXTENSION IF NOT EXISTS pg_graphql WITH SCHEMA graphql;


--
-- Name: EXTENSION pg_graphql; Type: COMMENT; Schema: -; Owner: 
--

COMMENT ON EXTENSION pg_graphql IS 'pg_graphql: GraphQL support';


--
-- Name: pg_stat_statements; Type: EXTENSION; Schema: -; Owner: -
--

CREATE EXTENSION IF NOT EXISTS pg_stat_statements WITH SCHEMA extensions;


--
-- Name: EXTENSION pg_stat_statements; Type: COMMENT; Schema: -; Owner: 
--

COMMENT ON EXTENSION pg_stat_statements IS 'track planning and execution statistics of all SQL statements executed';


--
-- Name: pgcrypto; Type: EXTENSION; Schema: -; Owner: -
--

CREATE EXTENSION IF NOT EXISTS pgcrypto WITH SCHEMA extensions;


--
-- Name: EXTENSION pgcrypto; Type: COMMENT; Schema: -; Owner: 
--

COMMENT ON EXTENSION pgcrypto IS 'cryptographic functions';


--
-- Name: pgjwt; Type: EXTENSION; Schema: -; Owner: -
--

CREATE EXTENSION IF NOT EXISTS pgjwt WITH SCHEMA extensions;


--
-- Name: EXTENSION pgjwt; Type: COMMENT; Schema: -; Owner: 
--

COMMENT ON EXTENSION pgjwt IS 'JSON Web Token API for Postgresql';


--
-- Name: supabase_vault; Type: EXTENSION; Schema: -; Owner: -
--

CREATE EXTENSION IF NOT EXISTS supabase_vault WITH SCHEMA vault;


--
-- Name: EXTENSION supabase_vault; Type: COMMENT; Schema: -; Owner: 
--

COMMENT ON EXTENSION supabase_vault IS 'Supabase Vault Extension';


--
-- Name: uuid-ossp; Type: EXTENSION; Schema: -; Owner: -
--

CREATE EXTENSION IF NOT EXISTS "uuid-ossp" WITH SCHEMA extensions;


--
-- Name: EXTENSION "uuid-ossp"; Type: COMMENT; Schema: -; Owner: 
--

COMMENT ON EXTENSION "uuid-ossp" IS 'generate universally unique identifiers (UUIDs)';


--
-- Name: aal_level; Type: TYPE; Schema: auth; Owner: supabase_auth_admin
--

CREATE TYPE auth.aal_level AS ENUM (
    'aal1',
    'aal2',
    'aal3'
);


ALTER TYPE auth.aal_level OWNER TO supabase_auth_admin;

--
-- Name: code_challenge_method; Type: TYPE; Schema: auth; Owner: supabase_auth_admin
--

CREATE TYPE auth.code_challenge_method AS ENUM (
    's256',
    'plain'
);


ALTER TYPE auth.code_challenge_method OWNER TO supabase_auth_admin;

--
-- Name: factor_status; Type: TYPE; Schema: auth; Owner: supabase_auth_admin
--

CREATE TYPE auth.factor_status AS ENUM (
    'unverified',
    'verified'
);


ALTER TYPE auth.factor_status OWNER TO supabase_auth_admin;

--
-- Name: factor_type; Type: TYPE; Schema: auth; Owner: supabase_auth_admin
--

CREATE TYPE auth.factor_type AS ENUM (
    'totp',
    'webauthn',
    'phone'
);


ALTER TYPE auth.factor_type OWNER TO supabase_auth_admin;

--
-- Name: one_time_token_type; Type: TYPE; Schema: auth; Owner: supabase_auth_admin
--

CREATE TYPE auth.one_time_token_type AS ENUM (
    'confirmation_token',
    'reauthentication_token',
    'recovery_token',
    'email_change_token_new',
    'email_change_token_current',
    'phone_change_token'
);


ALTER TYPE auth.one_time_token_type OWNER TO supabase_auth_admin;

--
-- Name: action; Type: TYPE; Schema: realtime; Owner: supabase_admin
--

CREATE TYPE realtime.action AS ENUM (
    'INSERT',
    'UPDATE',
    'DELETE',
    'TRUNCATE',
    'ERROR'
);


ALTER TYPE realtime.action OWNER TO supabase_admin;

--
-- Name: equality_op; Type: TYPE; Schema: realtime; Owner: supabase_admin
--

CREATE TYPE realtime.equality_op AS ENUM (
    'eq',
    'neq',
    'lt',
    'lte',
    'gt',
    'gte',
    'in'
);


ALTER TYPE realtime.equality_op OWNER TO supabase_admin;

--
-- Name: user_defined_filter; Type: TYPE; Schema: realtime; Owner: supabase_admin
--

CREATE TYPE realtime.user_defined_filter AS (
	column_name text,
	op realtime.equality_op,
	value text
);


ALTER TYPE realtime.user_defined_filter OWNER TO supabase_admin;

--
-- Name: wal_column; Type: TYPE; Schema: realtime; Owner: supabase_admin
--

CREATE TYPE realtime.wal_column AS (
	name text,
	type_name text,
	type_oid oid,
	value jsonb,
	is_pkey boolean,
	is_selectable boolean
);


ALTER TYPE realtime.wal_column OWNER TO supabase_admin;

--
-- Name: wal_rls; Type: TYPE; Schema: realtime; Owner: supabase_admin
--

CREATE TYPE realtime.wal_rls AS (
	wal jsonb,
	is_rls_enabled boolean,
	subscription_ids uuid[],
	errors text[]
);


ALTER TYPE realtime.wal_rls OWNER TO supabase_admin;

--
-- Name: email(); Type: FUNCTION; Schema: auth; Owner: supabase_auth_admin
--

CREATE FUNCTION auth.email() RETURNS text
    LANGUAGE sql STABLE
    AS $$
  select 
  coalesce(
    nullif(current_setting('request.jwt.claim.email', true), ''),
    (nullif(current_setting('request.jwt.claims', true), '')::jsonb ->> 'email')
  )::text
$$;


ALTER FUNCTION auth.email() OWNER TO supabase_auth_admin;

--
-- Name: FUNCTION email(); Type: COMMENT; Schema: auth; Owner: supabase_auth_admin
--

COMMENT ON FUNCTION auth.email() IS 'Deprecated. Use auth.jwt() -> ''email'' instead.';


--
-- Name: jwt(); Type: FUNCTION; Schema: auth; Owner: supabase_auth_admin
--

CREATE FUNCTION auth.jwt() RETURNS jsonb
    LANGUAGE sql STABLE
    AS $$
  select 
    coalesce(
        nullif(current_setting('request.jwt.claim', true), ''),
        nullif(current_setting('request.jwt.claims', true), '')
    )::jsonb
$$;


ALTER FUNCTION auth.jwt() OWNER TO supabase_auth_admin;

--
-- Name: role(); Type: FUNCTION; Schema: auth; Owner: supabase_auth_admin
--

CREATE FUNCTION auth.role() RETURNS text
    LANGUAGE sql STABLE
    AS $$
  select 
  coalesce(
    nullif(current_setting('request.jwt.claim.role', true), ''),
    (nullif(current_setting('request.jwt.claims', true), '')::jsonb ->> 'role')
  )::text
$$;


ALTER FUNCTION auth.role() OWNER TO supabase_auth_admin;

--
-- Name: FUNCTION role(); Type: COMMENT; Schema: auth; Owner: supabase_auth_admin
--

COMMENT ON FUNCTION auth.role() IS 'Deprecated. Use auth.jwt() -> ''role'' instead.';


--
-- Name: uid(); Type: FUNCTION; Schema: auth; Owner: supabase_auth_admin
--

CREATE FUNCTION auth.uid() RETURNS uuid
    LANGUAGE sql STABLE
    AS $$
  select 
  coalesce(
    nullif(current_setting('request.jwt.claim.sub', true), ''),
    (nullif(current_setting('request.jwt.claims', true), '')::jsonb ->> 'sub')
  )::uuid
$$;


ALTER FUNCTION auth.uid() OWNER TO supabase_auth_admin;

--
-- Name: FUNCTION uid(); Type: COMMENT; Schema: auth; Owner: supabase_auth_admin
--

COMMENT ON FUNCTION auth.uid() IS 'Deprecated. Use auth.jwt() -> ''sub'' instead.';


--
-- Name: grant_pg_cron_access(); Type: FUNCTION; Schema: extensions; Owner: postgres
--

CREATE FUNCTION extensions.grant_pg_cron_access() RETURNS event_trigger
    LANGUAGE plpgsql
    AS $$
BEGIN
  IF EXISTS (
    SELECT
    FROM pg_event_trigger_ddl_commands() AS ev
    JOIN pg_extension AS ext
    ON ev.objid = ext.oid
    WHERE ext.extname = 'pg_cron'
  )
  THEN
    grant usage on schema cron to postgres with grant option;

    alter default privileges in schema cron grant all on tables to postgres with grant option;
    alter default privileges in schema cron grant all on functions to postgres with grant option;
    alter default privileges in schema cron grant all on sequences to postgres with grant option;

    alter default privileges for user supabase_admin in schema cron grant all
        on sequences to postgres with grant option;
    alter default privileges for user supabase_admin in schema cron grant all
        on tables to postgres with grant option;
    alter default privileges for user supabase_admin in schema cron grant all
        on functions to postgres with grant option;

    grant all privileges on all tables in schema cron to postgres with grant option;
    revoke all on table cron.job from postgres;
    grant select on table cron.job to postgres with grant option;
  END IF;
END;
$$;


ALTER FUNCTION extensions.grant_pg_cron_access() OWNER TO postgres;

--
-- Name: FUNCTION grant_pg_cron_access(); Type: COMMENT; Schema: extensions; Owner: postgres
--

COMMENT ON FUNCTION extensions.grant_pg_cron_access() IS 'Grants access to pg_cron';


--
-- Name: grant_pg_graphql_access(); Type: FUNCTION; Schema: extensions; Owner: supabase_admin
--

CREATE FUNCTION extensions.grant_pg_graphql_access() RETURNS event_trigger
    LANGUAGE plpgsql
    AS $_$
DECLARE
    func_is_graphql_resolve bool;
BEGIN
    func_is_graphql_resolve = (
        SELECT n.proname = 'resolve'
        FROM pg_event_trigger_ddl_commands() AS ev
        LEFT JOIN pg_catalog.pg_proc AS n
        ON ev.objid = n.oid
    );

    IF func_is_graphql_resolve
    THEN
        -- Update public wrapper to pass all arguments through to the pg_graphql resolve func
        DROP FUNCTION IF EXISTS graphql_public.graphql;
        create or replace function graphql_public.graphql(
            "operationName" text default null,
            query text default null,
            variables jsonb default null,
            extensions jsonb default null
        )
            returns jsonb
            language sql
        as $$
            select graphql.resolve(
                query := query,
                variables := coalesce(variables, '{}'),
                "operationName" := "operationName",
                extensions := extensions
            );
        $$;

        -- This hook executes when `graphql.resolve` is created. That is not necessarily the last
        -- function in the extension so we need to grant permissions on existing entities AND
        -- update default permissions to any others that are created after `graphql.resolve`
        grant usage on schema graphql to postgres, anon, authenticated, service_role;
        grant select on all tables in schema graphql to postgres, anon, authenticated, service_role;
        grant execute on all functions in schema graphql to postgres, anon, authenticated, service_role;
        grant all on all sequences in schema graphql to postgres, anon, authenticated, service_role;
        alter default privileges in schema graphql grant all on tables to postgres, anon, authenticated, service_role;
        alter default privileges in schema graphql grant all on functions to postgres, anon, authenticated, service_role;
        alter default privileges in schema graphql grant all on sequences to postgres, anon, authenticated, service_role;

        -- Allow postgres role to allow granting usage on graphql and graphql_public schemas to custom roles
        grant usage on schema graphql_public to postgres with grant option;
        grant usage on schema graphql to postgres with grant option;
    END IF;

END;
$_$;


ALTER FUNCTION extensions.grant_pg_graphql_access() OWNER TO supabase_admin;

--
-- Name: FUNCTION grant_pg_graphql_access(); Type: COMMENT; Schema: extensions; Owner: supabase_admin
--

COMMENT ON FUNCTION extensions.grant_pg_graphql_access() IS 'Grants access to pg_graphql';


--
-- Name: grant_pg_net_access(); Type: FUNCTION; Schema: extensions; Owner: postgres
--

CREATE FUNCTION extensions.grant_pg_net_access() RETURNS event_trigger
    LANGUAGE plpgsql
    AS $$
BEGIN
  IF EXISTS (
    SELECT 1
    FROM pg_event_trigger_ddl_commands() AS ev
    JOIN pg_extension AS ext
    ON ev.objid = ext.oid
    WHERE ext.extname = 'pg_net'
  )
  THEN
    IF NOT EXISTS (
      SELECT 1
      FROM pg_roles
      WHERE rolname = 'supabase_functions_admin'
    )
    THEN
      CREATE USER supabase_functions_admin NOINHERIT CREATEROLE LOGIN NOREPLICATION;
    END IF;

    GRANT USAGE ON SCHEMA net TO supabase_functions_admin, postgres, anon, authenticated, service_role;

    ALTER function net.http_get(url text, params jsonb, headers jsonb, timeout_milliseconds integer) SECURITY DEFINER;
    ALTER function net.http_post(url text, body jsonb, params jsonb, headers jsonb, timeout_milliseconds integer) SECURITY DEFINER;

    ALTER function net.http_get(url text, params jsonb, headers jsonb, timeout_milliseconds integer) SET search_path = net;
    ALTER function net.http_post(url text, body jsonb, params jsonb, headers jsonb, timeout_milliseconds integer) SET search_path = net;

    REVOKE ALL ON FUNCTION net.http_get(url text, params jsonb, headers jsonb, timeout_milliseconds integer) FROM PUBLIC;
    REVOKE ALL ON FUNCTION net.http_post(url text, body jsonb, params jsonb, headers jsonb, timeout_milliseconds integer) FROM PUBLIC;

    GRANT EXECUTE ON FUNCTION net.http_get(url text, params jsonb, headers jsonb, timeout_milliseconds integer) TO supabase_functions_admin, postgres, anon, authenticated, service_role;
    GRANT EXECUTE ON FUNCTION net.http_post(url text, body jsonb, params jsonb, headers jsonb, timeout_milliseconds integer) TO supabase_functions_admin, postgres, anon, authenticated, service_role;
  END IF;
END;
$$;


ALTER FUNCTION extensions.grant_pg_net_access() OWNER TO postgres;

--
-- Name: FUNCTION grant_pg_net_access(); Type: COMMENT; Schema: extensions; Owner: postgres
--

COMMENT ON FUNCTION extensions.grant_pg_net_access() IS 'Grants access to pg_net';


--
-- Name: pgrst_ddl_watch(); Type: FUNCTION; Schema: extensions; Owner: supabase_admin
--

CREATE FUNCTION extensions.pgrst_ddl_watch() RETURNS event_trigger
    LANGUAGE plpgsql
    AS $$
DECLARE
  cmd record;
BEGIN
  FOR cmd IN SELECT * FROM pg_event_trigger_ddl_commands()
  LOOP
    IF cmd.command_tag IN (
      'CREATE SCHEMA', 'ALTER SCHEMA'
    , 'CREATE TABLE', 'CREATE TABLE AS', 'SELECT INTO', 'ALTER TABLE'
    , 'CREATE FOREIGN TABLE', 'ALTER FOREIGN TABLE'
    , 'CREATE VIEW', 'ALTER VIEW'
    , 'CREATE MATERIALIZED VIEW', 'ALTER MATERIALIZED VIEW'
    , 'CREATE FUNCTION', 'ALTER FUNCTION'
    , 'CREATE TRIGGER'
    , 'CREATE TYPE', 'ALTER TYPE'
    , 'CREATE RULE'
    , 'COMMENT'
    )
    -- don't notify in case of CREATE TEMP table or other objects created on pg_temp
    AND cmd.schema_name is distinct from 'pg_temp'
    THEN
      NOTIFY pgrst, 'reload schema';
    END IF;
  END LOOP;
END; $$;


ALTER FUNCTION extensions.pgrst_ddl_watch() OWNER TO supabase_admin;

--
-- Name: pgrst_drop_watch(); Type: FUNCTION; Schema: extensions; Owner: supabase_admin
--

CREATE FUNCTION extensions.pgrst_drop_watch() RETURNS event_trigger
    LANGUAGE plpgsql
    AS $$
DECLARE
  obj record;
BEGIN
  FOR obj IN SELECT * FROM pg_event_trigger_dropped_objects()
  LOOP
    IF obj.object_type IN (
      'schema'
    , 'table'
    , 'foreign table'
    , 'view'
    , 'materialized view'
    , 'function'
    , 'trigger'
    , 'type'
    , 'rule'
    )
    AND obj.is_temporary IS false -- no pg_temp objects
    THEN
      NOTIFY pgrst, 'reload schema';
    END IF;
  END LOOP;
END; $$;


ALTER FUNCTION extensions.pgrst_drop_watch() OWNER TO supabase_admin;

--
-- Name: set_graphql_placeholder(); Type: FUNCTION; Schema: extensions; Owner: supabase_admin
--

CREATE FUNCTION extensions.set_graphql_placeholder() RETURNS event_trigger
    LANGUAGE plpgsql
    AS $_$
    DECLARE
    graphql_is_dropped bool;
    BEGIN
    graphql_is_dropped = (
        SELECT ev.schema_name = 'graphql_public'
        FROM pg_event_trigger_dropped_objects() AS ev
        WHERE ev.schema_name = 'graphql_public'
    );

    IF graphql_is_dropped
    THEN
        create or replace function graphql_public.graphql(
            "operationName" text default null,
            query text default null,
            variables jsonb default null,
            extensions jsonb default null
        )
            returns jsonb
            language plpgsql
        as $$
            DECLARE
                server_version float;
            BEGIN
                server_version = (SELECT (SPLIT_PART((select version()), ' ', 2))::float);

                IF server_version >= 14 THEN
                    RETURN jsonb_build_object(
                        'errors', jsonb_build_array(
                            jsonb_build_object(
                                'message', 'pg_graphql extension is not enabled.'
                            )
                        )
                    );
                ELSE
                    RETURN jsonb_build_object(
                        'errors', jsonb_build_array(
                            jsonb_build_object(
                                'message', 'pg_graphql is only available on projects running Postgres 14 onwards.'
                            )
                        )
                    );
                END IF;
            END;
        $$;
    END IF;

    END;
$_$;


ALTER FUNCTION extensions.set_graphql_placeholder() OWNER TO supabase_admin;

--
-- Name: FUNCTION set_graphql_placeholder(); Type: COMMENT; Schema: extensions; Owner: supabase_admin
--

COMMENT ON FUNCTION extensions.set_graphql_placeholder() IS 'Reintroduces placeholder function for graphql_public.graphql';


--
-- Name: get_auth(text); Type: FUNCTION; Schema: pgbouncer; Owner: postgres
--

CREATE FUNCTION pgbouncer.get_auth(p_usename text) RETURNS TABLE(username text, password text)
    LANGUAGE plpgsql SECURITY DEFINER
    AS $$
BEGIN
    RAISE WARNING 'PgBouncer auth request: %', p_usename;

    RETURN QUERY
    SELECT usename::TEXT, passwd::TEXT FROM pg_catalog.pg_shadow
    WHERE usename = p_usename;
END;
$$;


ALTER FUNCTION pgbouncer.get_auth(p_usename text) OWNER TO postgres;

--
-- Name: apply_rls(jsonb, integer); Type: FUNCTION; Schema: realtime; Owner: supabase_admin
--

CREATE FUNCTION realtime.apply_rls(wal jsonb, max_record_bytes integer DEFAULT (1024 * 1024)) RETURNS SETOF realtime.wal_rls
    LANGUAGE plpgsql
    AS $$
declare
-- Regclass of the table e.g. public.notes
entity_ regclass = (quote_ident(wal ->> 'schema') || '.' || quote_ident(wal ->> 'table'))::regclass;

-- I, U, D, T: insert, update ...
action realtime.action = (
    case wal ->> 'action'
        when 'I' then 'INSERT'
        when 'U' then 'UPDATE'
        when 'D' then 'DELETE'
        else 'ERROR'
    end
);

-- Is row level security enabled for the table
is_rls_enabled bool = relrowsecurity from pg_class where oid = entity_;

subscriptions realtime.subscription[] = array_agg(subs)
    from
        realtime.subscription subs
    where
        subs.entity = entity_;

-- Subscription vars
roles regrole[] = array_agg(distinct us.claims_role::text)
    from
        unnest(subscriptions) us;

working_role regrole;
claimed_role regrole;
claims jsonb;

subscription_id uuid;
subscription_has_access bool;
visible_to_subscription_ids uuid[] = '{}';

-- structured info for wal's columns
columns realtime.wal_column[];
-- previous identity values for update/delete
old_columns realtime.wal_column[];

error_record_exceeds_max_size boolean = octet_length(wal::text) > max_record_bytes;

-- Primary jsonb output for record
output jsonb;

begin
perform set_config('role', null, true);

columns =
    array_agg(
        (
            x->>'name',
            x->>'type',
            x->>'typeoid',
            realtime.cast(
                (x->'value') #>> '{}',
                coalesce(
                    (x->>'typeoid')::regtype, -- null when wal2json version <= 2.4
                    (x->>'type')::regtype
                )
            ),
            (pks ->> 'name') is not null,
            true
        )::realtime.wal_column
    )
    from
        jsonb_array_elements(wal -> 'columns') x
        left join jsonb_array_elements(wal -> 'pk') pks
            on (x ->> 'name') = (pks ->> 'name');

old_columns =
    array_agg(
        (
            x->>'name',
            x->>'type',
            x->>'typeoid',
            realtime.cast(
                (x->'value') #>> '{}',
                coalesce(
                    (x->>'typeoid')::regtype, -- null when wal2json version <= 2.4
                    (x->>'type')::regtype
                )
            ),
            (pks ->> 'name') is not null,
            true
        )::realtime.wal_column
    )
    from
        jsonb_array_elements(wal -> 'identity') x
        left join jsonb_array_elements(wal -> 'pk') pks
            on (x ->> 'name') = (pks ->> 'name');

for working_role in select * from unnest(roles) loop

    -- Update `is_selectable` for columns and old_columns
    columns =
        array_agg(
            (
                c.name,
                c.type_name,
                c.type_oid,
                c.value,
                c.is_pkey,
                pg_catalog.has_column_privilege(working_role, entity_, c.name, 'SELECT')
            )::realtime.wal_column
        )
        from
            unnest(columns) c;

    old_columns =
            array_agg(
                (
                    c.name,
                    c.type_name,
                    c.type_oid,
                    c.value,
                    c.is_pkey,
                    pg_catalog.has_column_privilege(working_role, entity_, c.name, 'SELECT')
                )::realtime.wal_column
            )
            from
                unnest(old_columns) c;

    if action <> 'DELETE' and count(1) = 0 from unnest(columns) c where c.is_pkey then
        return next (
            jsonb_build_object(
                'schema', wal ->> 'schema',
                'table', wal ->> 'table',
                'type', action
            ),
            is_rls_enabled,
            -- subscriptions is already filtered by entity
            (select array_agg(s.subscription_id) from unnest(subscriptions) as s where claims_role = working_role),
            array['Error 400: Bad Request, no primary key']
        )::realtime.wal_rls;

    -- The claims role does not have SELECT permission to the primary key of entity
    elsif action <> 'DELETE' and sum(c.is_selectable::int) <> count(1) from unnest(columns) c where c.is_pkey then
        return next (
            jsonb_build_object(
                'schema', wal ->> 'schema',
                'table', wal ->> 'table',
                'type', action
            ),
            is_rls_enabled,
            (select array_agg(s.subscription_id) from unnest(subscriptions) as s where claims_role = working_role),
            array['Error 401: Unauthorized']
        )::realtime.wal_rls;

    else
        output = jsonb_build_object(
            'schema', wal ->> 'schema',
            'table', wal ->> 'table',
            'type', action,
            'commit_timestamp', to_char(
                ((wal ->> 'timestamp')::timestamptz at time zone 'utc'),
                'YYYY-MM-DD"T"HH24:MI:SS.MS"Z"'
            ),
            'columns', (
                select
                    jsonb_agg(
                        jsonb_build_object(
                            'name', pa.attname,
                            'type', pt.typname
                        )
                        order by pa.attnum asc
                    )
                from
                    pg_attribute pa
                    join pg_type pt
                        on pa.atttypid = pt.oid
                where
                    attrelid = entity_
                    and attnum > 0
                    and pg_catalog.has_column_privilege(working_role, entity_, pa.attname, 'SELECT')
            )
        )
        -- Add "record" key for insert and update
        || case
            when action in ('INSERT', 'UPDATE') then
                jsonb_build_object(
                    'record',
                    (
                        select
                            jsonb_object_agg(
                                -- if unchanged toast, get column name and value from old record
                                coalesce((c).name, (oc).name),
                                case
                                    when (c).name is null then (oc).value
                                    else (c).value
                                end
                            )
                        from
                            unnest(columns) c
                            full outer join unnest(old_columns) oc
                                on (c).name = (oc).name
                        where
                            coalesce((c).is_selectable, (oc).is_selectable)
                            and ( not error_record_exceeds_max_size or (octet_length((c).value::text) <= 64))
                    )
                )
            else '{}'::jsonb
        end
        -- Add "old_record" key for update and delete
        || case
            when action = 'UPDATE' then
                jsonb_build_object(
                        'old_record',
                        (
                            select jsonb_object_agg((c).name, (c).value)
                            from unnest(old_columns) c
                            where
                                (c).is_selectable
                                and ( not error_record_exceeds_max_size or (octet_length((c).value::text) <= 64))
                        )
                    )
            when action = 'DELETE' then
                jsonb_build_object(
                    'old_record',
                    (
                        select jsonb_object_agg((c).name, (c).value)
                        from unnest(old_columns) c
                        where
                            (c).is_selectable
                            and ( not error_record_exceeds_max_size or (octet_length((c).value::text) <= 64))
                            and ( not is_rls_enabled or (c).is_pkey ) -- if RLS enabled, we can't secure deletes so filter to pkey
                    )
                )
            else '{}'::jsonb
        end;

        -- Create the prepared statement
        if is_rls_enabled and action <> 'DELETE' then
            if (select 1 from pg_prepared_statements where name = 'walrus_rls_stmt' limit 1) > 0 then
                deallocate walrus_rls_stmt;
            end if;
            execute realtime.build_prepared_statement_sql('walrus_rls_stmt', entity_, columns);
        end if;

        visible_to_subscription_ids = '{}';

        for subscription_id, claims in (
                select
                    subs.subscription_id,
                    subs.claims
                from
                    unnest(subscriptions) subs
                where
                    subs.entity = entity_
                    and subs.claims_role = working_role
                    and (
                        realtime.is_visible_through_filters(columns, subs.filters)
                        or (
                          action = 'DELETE'
                          and realtime.is_visible_through_filters(old_columns, subs.filters)
                        )
                    )
        ) loop

            if not is_rls_enabled or action = 'DELETE' then
                visible_to_subscription_ids = visible_to_subscription_ids || subscription_id;
            else
                -- Check if RLS allows the role to see the record
                perform
                    -- Trim leading and trailing quotes from working_role because set_config
                    -- doesn't recognize the role as valid if they are included
                    set_config('role', trim(both '"' from working_role::text), true),
                    set_config('request.jwt.claims', claims::text, true);

                execute 'execute walrus_rls_stmt' into subscription_has_access;

                if subscription_has_access then
                    visible_to_subscription_ids = visible_to_subscription_ids || subscription_id;
                end if;
            end if;
        end loop;

        perform set_config('role', null, true);

        return next (
            output,
            is_rls_enabled,
            visible_to_subscription_ids,
            case
                when error_record_exceeds_max_size then array['Error 413: Payload Too Large']
                else '{}'
            end
        )::realtime.wal_rls;

    end if;
end loop;

perform set_config('role', null, true);
end;
$$;


ALTER FUNCTION realtime.apply_rls(wal jsonb, max_record_bytes integer) OWNER TO supabase_admin;

--
-- Name: broadcast_changes(text, text, text, text, text, record, record, text); Type: FUNCTION; Schema: realtime; Owner: supabase_admin
--

CREATE FUNCTION realtime.broadcast_changes(topic_name text, event_name text, operation text, table_name text, table_schema text, new record, old record, level text DEFAULT 'ROW'::text) RETURNS void
    LANGUAGE plpgsql
    AS $$
DECLARE
    -- Declare a variable to hold the JSONB representation of the row
    row_data jsonb := '{}'::jsonb;
BEGIN
    IF level = 'STATEMENT' THEN
        RAISE EXCEPTION 'function can only be triggered for each row, not for each statement';
    END IF;
    -- Check the operation type and handle accordingly
    IF operation = 'INSERT' OR operation = 'UPDATE' OR operation = 'DELETE' THEN
        row_data := jsonb_build_object('old_record', OLD, 'record', NEW, 'operation', operation, 'table', table_name, 'schema', table_schema);
        PERFORM realtime.send (row_data, event_name, topic_name);
    ELSE
        RAISE EXCEPTION 'Unexpected operation type: %', operation;
    END IF;
EXCEPTION
    WHEN OTHERS THEN
        RAISE EXCEPTION 'Failed to process the row: %', SQLERRM;
END;

$$;


ALTER FUNCTION realtime.broadcast_changes(topic_name text, event_name text, operation text, table_name text, table_schema text, new record, old record, level text) OWNER TO supabase_admin;

--
-- Name: build_prepared_statement_sql(text, regclass, realtime.wal_column[]); Type: FUNCTION; Schema: realtime; Owner: supabase_admin
--

CREATE FUNCTION realtime.build_prepared_statement_sql(prepared_statement_name text, entity regclass, columns realtime.wal_column[]) RETURNS text
    LANGUAGE sql
    AS $$
      /*
      Builds a sql string that, if executed, creates a prepared statement to
      tests retrive a row from *entity* by its primary key columns.
      Example
          select realtime.build_prepared_statement_sql('public.notes', '{"id"}'::text[], '{"bigint"}'::text[])
      */
          select
      'prepare ' || prepared_statement_name || ' as
          select
              exists(
                  select
                      1
                  from
                      ' || entity || '
                  where
                      ' || string_agg(quote_ident(pkc.name) || '=' || quote_nullable(pkc.value #>> '{}') , ' and ') || '
              )'
          from
              unnest(columns) pkc
          where
              pkc.is_pkey
          group by
              entity
      $$;


ALTER FUNCTION realtime.build_prepared_statement_sql(prepared_statement_name text, entity regclass, columns realtime.wal_column[]) OWNER TO supabase_admin;

--
-- Name: cast(text, regtype); Type: FUNCTION; Schema: realtime; Owner: supabase_admin
--

CREATE FUNCTION realtime."cast"(val text, type_ regtype) RETURNS jsonb
    LANGUAGE plpgsql IMMUTABLE
    AS $$
    declare
      res jsonb;
    begin
      execute format('select to_jsonb(%L::'|| type_::text || ')', val)  into res;
      return res;
    end
    $$;


ALTER FUNCTION realtime."cast"(val text, type_ regtype) OWNER TO supabase_admin;

--
-- Name: check_equality_op(realtime.equality_op, regtype, text, text); Type: FUNCTION; Schema: realtime; Owner: supabase_admin
--

CREATE FUNCTION realtime.check_equality_op(op realtime.equality_op, type_ regtype, val_1 text, val_2 text) RETURNS boolean
    LANGUAGE plpgsql IMMUTABLE
    AS $$
      /*
      Casts *val_1* and *val_2* as type *type_* and check the *op* condition for truthiness
      */
      declare
          op_symbol text = (
              case
                  when op = 'eq' then '='
                  when op = 'neq' then '!='
                  when op = 'lt' then '<'
                  when op = 'lte' then '<='
                  when op = 'gt' then '>'
                  when op = 'gte' then '>='
                  when op = 'in' then '= any'
                  else 'UNKNOWN OP'
              end
          );
          res boolean;
      begin
          execute format(
              'select %L::'|| type_::text || ' ' || op_symbol
              || ' ( %L::'
              || (
                  case
                      when op = 'in' then type_::text || '[]'
                      else type_::text end
              )
              || ')', val_1, val_2) into res;
          return res;
      end;
      $$;


ALTER FUNCTION realtime.check_equality_op(op realtime.equality_op, type_ regtype, val_1 text, val_2 text) OWNER TO supabase_admin;

--
-- Name: is_visible_through_filters(realtime.wal_column[], realtime.user_defined_filter[]); Type: FUNCTION; Schema: realtime; Owner: supabase_admin
--

CREATE FUNCTION realtime.is_visible_through_filters(columns realtime.wal_column[], filters realtime.user_defined_filter[]) RETURNS boolean
    LANGUAGE sql IMMUTABLE
    AS $_$
    /*
    Should the record be visible (true) or filtered out (false) after *filters* are applied
    */
        select
            -- Default to allowed when no filters present
            $2 is null -- no filters. this should not happen because subscriptions has a default
            or array_length($2, 1) is null -- array length of an empty array is null
            or bool_and(
                coalesce(
                    realtime.check_equality_op(
                        op:=f.op,
                        type_:=coalesce(
                            col.type_oid::regtype, -- null when wal2json version <= 2.4
                            col.type_name::regtype
                        ),
                        -- cast jsonb to text
                        val_1:=col.value #>> '{}',
                        val_2:=f.value
                    ),
                    false -- if null, filter does not match
                )
            )
        from
            unnest(filters) f
            join unnest(columns) col
                on f.column_name = col.name;
    $_$;


ALTER FUNCTION realtime.is_visible_through_filters(columns realtime.wal_column[], filters realtime.user_defined_filter[]) OWNER TO supabase_admin;

--
-- Name: list_changes(name, name, integer, integer); Type: FUNCTION; Schema: realtime; Owner: supabase_admin
--

CREATE FUNCTION realtime.list_changes(publication name, slot_name name, max_changes integer, max_record_bytes integer) RETURNS SETOF realtime.wal_rls
    LANGUAGE sql
    SET log_min_messages TO 'fatal'
    AS $$
      with pub as (
        select
          concat_ws(
            ',',
            case when bool_or(pubinsert) then 'insert' else null end,
            case when bool_or(pubupdate) then 'update' else null end,
            case when bool_or(pubdelete) then 'delete' else null end
          ) as w2j_actions,
          coalesce(
            string_agg(
              realtime.quote_wal2json(format('%I.%I', schemaname, tablename)::regclass),
              ','
            ) filter (where ppt.tablename is not null and ppt.tablename not like '% %'),
            ''
          ) w2j_add_tables
        from
          pg_publication pp
          left join pg_publication_tables ppt
            on pp.pubname = ppt.pubname
        where
          pp.pubname = publication
        group by
          pp.pubname
        limit 1
      ),
      w2j as (
        select
          x.*, pub.w2j_add_tables
        from
          pub,
          pg_logical_slot_get_changes(
            slot_name, null, max_changes,
            'include-pk', 'true',
            'include-transaction', 'false',
            'include-timestamp', 'true',
            'include-type-oids', 'true',
            'format-version', '2',
            'actions', pub.w2j_actions,
            'add-tables', pub.w2j_add_tables
          ) x
      )
      select
        xyz.wal,
        xyz.is_rls_enabled,
        xyz.subscription_ids,
        xyz.errors
      from
        w2j,
        realtime.apply_rls(
          wal := w2j.data::jsonb,
          max_record_bytes := max_record_bytes
        ) xyz(wal, is_rls_enabled, subscription_ids, errors)
      where
        w2j.w2j_add_tables <> ''
        and xyz.subscription_ids[1] is not null
    $$;


ALTER FUNCTION realtime.list_changes(publication name, slot_name name, max_changes integer, max_record_bytes integer) OWNER TO supabase_admin;

--
-- Name: quote_wal2json(regclass); Type: FUNCTION; Schema: realtime; Owner: supabase_admin
--

CREATE FUNCTION realtime.quote_wal2json(entity regclass) RETURNS text
    LANGUAGE sql IMMUTABLE STRICT
    AS $$
      select
        (
          select string_agg('' || ch,'')
          from unnest(string_to_array(nsp.nspname::text, null)) with ordinality x(ch, idx)
          where
            not (x.idx = 1 and x.ch = '"')
            and not (
              x.idx = array_length(string_to_array(nsp.nspname::text, null), 1)
              and x.ch = '"'
            )
        )
        || '.'
        || (
          select string_agg('' || ch,'')
          from unnest(string_to_array(pc.relname::text, null)) with ordinality x(ch, idx)
          where
            not (x.idx = 1 and x.ch = '"')
            and not (
              x.idx = array_length(string_to_array(nsp.nspname::text, null), 1)
              and x.ch = '"'
            )
          )
      from
        pg_class pc
        join pg_namespace nsp
          on pc.relnamespace = nsp.oid
      where
        pc.oid = entity
    $$;


ALTER FUNCTION realtime.quote_wal2json(entity regclass) OWNER TO supabase_admin;

--
-- Name: send(jsonb, text, text, boolean); Type: FUNCTION; Schema: realtime; Owner: supabase_admin
--

CREATE FUNCTION realtime.send(payload jsonb, event text, topic text, private boolean DEFAULT true) RETURNS void
    LANGUAGE plpgsql
    AS $$
DECLARE
  partition_name text;
BEGIN
  partition_name := 'messages_' || to_char(NOW(), 'YYYY_MM_DD');

  IF NOT EXISTS (
    SELECT 1
    FROM pg_class c
    JOIN pg_namespace n ON n.oid = c.relnamespace
    WHERE n.nspname = 'realtime'
    AND c.relname = partition_name
  ) THEN
    EXECUTE format(
      'CREATE TABLE realtime.%I PARTITION OF realtime.messages FOR VALUES FROM (%L) TO (%L)',
      partition_name,
      NOW(),
      (NOW() + interval '1 day')::timestamp
    );
  END IF;

  INSERT INTO realtime.messages (payload, event, topic, private, extension)
  VALUES (payload, event, topic, private, 'broadcast');
END;
$$;


ALTER FUNCTION realtime.send(payload jsonb, event text, topic text, private boolean) OWNER TO supabase_admin;

--
-- Name: subscription_check_filters(); Type: FUNCTION; Schema: realtime; Owner: supabase_admin
--

CREATE FUNCTION realtime.subscription_check_filters() RETURNS trigger
    LANGUAGE plpgsql
    AS $$
    /*
    Validates that the user defined filters for a subscription:
    - refer to valid columns that the claimed role may access
    - values are coercable to the correct column type
    */
    declare
        col_names text[] = coalesce(
                array_agg(c.column_name order by c.ordinal_position),
                '{}'::text[]
            )
            from
                information_schema.columns c
            where
                format('%I.%I', c.table_schema, c.table_name)::regclass = new.entity
                and pg_catalog.has_column_privilege(
                    (new.claims ->> 'role'),
                    format('%I.%I', c.table_schema, c.table_name)::regclass,
                    c.column_name,
                    'SELECT'
                );
        filter realtime.user_defined_filter;
        col_type regtype;

        in_val jsonb;
    begin
        for filter in select * from unnest(new.filters) loop
            -- Filtered column is valid
            if not filter.column_name = any(col_names) then
                raise exception 'invalid column for filter %', filter.column_name;
            end if;

            -- Type is sanitized and safe for string interpolation
            col_type = (
                select atttypid::regtype
                from pg_catalog.pg_attribute
                where attrelid = new.entity
                      and attname = filter.column_name
            );
            if col_type is null then
                raise exception 'failed to lookup type for column %', filter.column_name;
            end if;

            -- Set maximum number of entries for in filter
            if filter.op = 'in'::realtime.equality_op then
                in_val = realtime.cast(filter.value, (col_type::text || '[]')::regtype);
                if coalesce(jsonb_array_length(in_val), 0) > 100 then
                    raise exception 'too many values for `in` filter. Maximum 100';
                end if;
            else
                -- raises an exception if value is not coercable to type
                perform realtime.cast(filter.value, col_type);
            end if;

        end loop;

        -- Apply consistent order to filters so the unique constraint on
        -- (subscription_id, entity, filters) can't be tricked by a different filter order
        new.filters = coalesce(
            array_agg(f order by f.column_name, f.op, f.value),
            '{}'
        ) from unnest(new.filters) f;

        return new;
    end;
    $$;


ALTER FUNCTION realtime.subscription_check_filters() OWNER TO supabase_admin;

--
-- Name: to_regrole(text); Type: FUNCTION; Schema: realtime; Owner: supabase_admin
--

CREATE FUNCTION realtime.to_regrole(role_name text) RETURNS regrole
    LANGUAGE sql IMMUTABLE
    AS $$ select role_name::regrole $$;


ALTER FUNCTION realtime.to_regrole(role_name text) OWNER TO supabase_admin;

--
-- Name: topic(); Type: FUNCTION; Schema: realtime; Owner: supabase_realtime_admin
--

CREATE FUNCTION realtime.topic() RETURNS text
    LANGUAGE sql STABLE
    AS $$
select nullif(current_setting('realtime.topic', true), '')::text;
$$;


ALTER FUNCTION realtime.topic() OWNER TO supabase_realtime_admin;

--
-- Name: can_insert_object(text, text, uuid, jsonb); Type: FUNCTION; Schema: storage; Owner: supabase_storage_admin
--

CREATE FUNCTION storage.can_insert_object(bucketid text, name text, owner uuid, metadata jsonb) RETURNS void
    LANGUAGE plpgsql
    AS $$
BEGIN
  INSERT INTO "storage"."objects" ("bucket_id", "name", "owner", "metadata") VALUES (bucketid, name, owner, metadata);
  -- hack to rollback the successful insert
  RAISE sqlstate 'PT200' using
  message = 'ROLLBACK',
  detail = 'rollback successful insert';
END
$$;


ALTER FUNCTION storage.can_insert_object(bucketid text, name text, owner uuid, metadata jsonb) OWNER TO supabase_storage_admin;

--
-- Name: extension(text); Type: FUNCTION; Schema: storage; Owner: supabase_storage_admin
--

CREATE FUNCTION storage.extension(name text) RETURNS text
    LANGUAGE plpgsql
    AS $$
DECLARE
_parts text[];
_filename text;
BEGIN
	select string_to_array(name, '/') into _parts;
	select _parts[array_length(_parts,1)] into _filename;
	-- @todo return the last part instead of 2
	return reverse(split_part(reverse(_filename), '.', 1));
END
$$;


ALTER FUNCTION storage.extension(name text) OWNER TO supabase_storage_admin;

--
-- Name: filename(text); Type: FUNCTION; Schema: storage; Owner: supabase_storage_admin
--

CREATE FUNCTION storage.filename(name text) RETURNS text
    LANGUAGE plpgsql
    AS $$
DECLARE
_parts text[];
BEGIN
	select string_to_array(name, '/') into _parts;
	return _parts[array_length(_parts,1)];
END
$$;


ALTER FUNCTION storage.filename(name text) OWNER TO supabase_storage_admin;

--
-- Name: foldername(text); Type: FUNCTION; Schema: storage; Owner: supabase_storage_admin
--

CREATE FUNCTION storage.foldername(name text) RETURNS text[]
    LANGUAGE plpgsql
    AS $$
DECLARE
_parts text[];
BEGIN
	select string_to_array(name, '/') into _parts;
	return _parts[1:array_length(_parts,1)-1];
END
$$;


ALTER FUNCTION storage.foldername(name text) OWNER TO supabase_storage_admin;

--
-- Name: get_size_by_bucket(); Type: FUNCTION; Schema: storage; Owner: supabase_storage_admin
--

CREATE FUNCTION storage.get_size_by_bucket() RETURNS TABLE(size bigint, bucket_id text)
    LANGUAGE plpgsql
    AS $$
BEGIN
    return query
        select sum((metadata->>'size')::int) as size, obj.bucket_id
        from "storage".objects as obj
        group by obj.bucket_id;
END
$$;


ALTER FUNCTION storage.get_size_by_bucket() OWNER TO supabase_storage_admin;

--
-- Name: list_multipart_uploads_with_delimiter(text, text, text, integer, text, text); Type: FUNCTION; Schema: storage; Owner: supabase_storage_admin
--

CREATE FUNCTION storage.list_multipart_uploads_with_delimiter(bucket_id text, prefix_param text, delimiter_param text, max_keys integer DEFAULT 100, next_key_token text DEFAULT ''::text, next_upload_token text DEFAULT ''::text) RETURNS TABLE(key text, id text, created_at timestamp with time zone)
    LANGUAGE plpgsql
    AS $_$
BEGIN
    RETURN QUERY EXECUTE
        'SELECT DISTINCT ON(key COLLATE "C") * from (
            SELECT
                CASE
                    WHEN position($2 IN substring(key from length($1) + 1)) > 0 THEN
                        substring(key from 1 for length($1) + position($2 IN substring(key from length($1) + 1)))
                    ELSE
                        key
                END AS key, id, created_at
            FROM
                storage.s3_multipart_uploads
            WHERE
                bucket_id = $5 AND
                key ILIKE $1 || ''%'' AND
                CASE
                    WHEN $4 != '''' AND $6 = '''' THEN
                        CASE
                            WHEN position($2 IN substring(key from length($1) + 1)) > 0 THEN
                                substring(key from 1 for length($1) + position($2 IN substring(key from length($1) + 1))) COLLATE "C" > $4
                            ELSE
                                key COLLATE "C" > $4
                            END
                    ELSE
                        true
                END AND
                CASE
                    WHEN $6 != '''' THEN
                        id COLLATE "C" > $6
                    ELSE
                        true
                    END
            ORDER BY
                key COLLATE "C" ASC, created_at ASC) as e order by key COLLATE "C" LIMIT $3'
        USING prefix_param, delimiter_param, max_keys, next_key_token, bucket_id, next_upload_token;
END;
$_$;


ALTER FUNCTION storage.list_multipart_uploads_with_delimiter(bucket_id text, prefix_param text, delimiter_param text, max_keys integer, next_key_token text, next_upload_token text) OWNER TO supabase_storage_admin;

--
-- Name: list_objects_with_delimiter(text, text, text, integer, text, text); Type: FUNCTION; Schema: storage; Owner: supabase_storage_admin
--

CREATE FUNCTION storage.list_objects_with_delimiter(bucket_id text, prefix_param text, delimiter_param text, max_keys integer DEFAULT 100, start_after text DEFAULT ''::text, next_token text DEFAULT ''::text) RETURNS TABLE(name text, id uuid, metadata jsonb, updated_at timestamp with time zone)
    LANGUAGE plpgsql
    AS $_$
BEGIN
    RETURN QUERY EXECUTE
        'SELECT DISTINCT ON(name COLLATE "C") * from (
            SELECT
                CASE
                    WHEN position($2 IN substring(name from length($1) + 1)) > 0 THEN
                        substring(name from 1 for length($1) + position($2 IN substring(name from length($1) + 1)))
                    ELSE
                        name
                END AS name, id, metadata, updated_at
            FROM
                storage.objects
            WHERE
                bucket_id = $5 AND
                name ILIKE $1 || ''%'' AND
                CASE
                    WHEN $6 != '''' THEN
                    name COLLATE "C" > $6
                ELSE true END
                AND CASE
                    WHEN $4 != '''' THEN
                        CASE
                            WHEN position($2 IN substring(name from length($1) + 1)) > 0 THEN
                                substring(name from 1 for length($1) + position($2 IN substring(name from length($1) + 1))) COLLATE "C" > $4
                            ELSE
                                name COLLATE "C" > $4
                            END
                    ELSE
                        true
                END
            ORDER BY
                name COLLATE "C" ASC) as e order by name COLLATE "C" LIMIT $3'
        USING prefix_param, delimiter_param, max_keys, next_token, bucket_id, start_after;
END;
$_$;


ALTER FUNCTION storage.list_objects_with_delimiter(bucket_id text, prefix_param text, delimiter_param text, max_keys integer, start_after text, next_token text) OWNER TO supabase_storage_admin;

--
-- Name: operation(); Type: FUNCTION; Schema: storage; Owner: supabase_storage_admin
--

CREATE FUNCTION storage.operation() RETURNS text
    LANGUAGE plpgsql STABLE
    AS $$
BEGIN
    RETURN current_setting('storage.operation', true);
END;
$$;


ALTER FUNCTION storage.operation() OWNER TO supabase_storage_admin;

--
-- Name: search(text, text, integer, integer, integer, text, text, text); Type: FUNCTION; Schema: storage; Owner: supabase_storage_admin
--

CREATE FUNCTION storage.search(prefix text, bucketname text, limits integer DEFAULT 100, levels integer DEFAULT 1, offsets integer DEFAULT 0, search text DEFAULT ''::text, sortcolumn text DEFAULT 'name'::text, sortorder text DEFAULT 'asc'::text) RETURNS TABLE(name text, id uuid, updated_at timestamp with time zone, created_at timestamp with time zone, last_accessed_at timestamp with time zone, metadata jsonb)
    LANGUAGE plpgsql STABLE
    AS $_$
declare
  v_order_by text;
  v_sort_order text;
begin
  case
    when sortcolumn = 'name' then
      v_order_by = 'name';
    when sortcolumn = 'updated_at' then
      v_order_by = 'updated_at';
    when sortcolumn = 'created_at' then
      v_order_by = 'created_at';
    when sortcolumn = 'last_accessed_at' then
      v_order_by = 'last_accessed_at';
    else
      v_order_by = 'name';
  end case;

  case
    when sortorder = 'asc' then
      v_sort_order = 'asc';
    when sortorder = 'desc' then
      v_sort_order = 'desc';
    else
      v_sort_order = 'asc';
  end case;

  v_order_by = v_order_by || ' ' || v_sort_order;

  return query execute
    'with folders as (
       select path_tokens[$1] as folder
       from storage.objects
         where objects.name ilike $2 || $3 || ''%''
           and bucket_id = $4
           and array_length(objects.path_tokens, 1) <> $1
       group by folder
       order by folder ' || v_sort_order || '
     )
     (select folder as "name",
            null as id,
            null as updated_at,
            null as created_at,
            null as last_accessed_at,
            null as metadata from folders)
     union all
     (select path_tokens[$1] as "name",
            id,
            updated_at,
            created_at,
            last_accessed_at,
            metadata
     from storage.objects
     where objects.name ilike $2 || $3 || ''%''
       and bucket_id = $4
       and array_length(objects.path_tokens, 1) = $1
     order by ' || v_order_by || ')
     limit $5
     offset $6' using levels, prefix, search, bucketname, limits, offsets;
end;
$_$;


ALTER FUNCTION storage.search(prefix text, bucketname text, limits integer, levels integer, offsets integer, search text, sortcolumn text, sortorder text) OWNER TO supabase_storage_admin;

--
-- Name: update_updated_at_column(); Type: FUNCTION; Schema: storage; Owner: supabase_storage_admin
--

CREATE FUNCTION storage.update_updated_at_column() RETURNS trigger
    LANGUAGE plpgsql
    AS $$
BEGIN
    NEW.updated_at = now();
    RETURN NEW; 
END;
$$;


ALTER FUNCTION storage.update_updated_at_column() OWNER TO supabase_storage_admin;

--
-- Name: secrets_encrypt_secret_secret(); Type: FUNCTION; Schema: vault; Owner: supabase_admin
--

CREATE FUNCTION vault.secrets_encrypt_secret_secret() RETURNS trigger
    LANGUAGE plpgsql
    AS $$
		BEGIN
		        new.secret = CASE WHEN new.secret IS NULL THEN NULL ELSE
			CASE WHEN new.key_id IS NULL THEN NULL ELSE pg_catalog.encode(
			  pgsodium.crypto_aead_det_encrypt(
				pg_catalog.convert_to(new.secret, 'utf8'),
				pg_catalog.convert_to((new.id::text || new.description::text || new.created_at::text || new.updated_at::text)::text, 'utf8'),
				new.key_id::uuid,
				new.nonce
			  ),
				'base64') END END;
		RETURN new;
		END;
		$$;


ALTER FUNCTION vault.secrets_encrypt_secret_secret() OWNER TO supabase_admin;

SET default_tablespace = '';

SET default_table_access_method = heap;

--
-- Name: audit_log_entries; Type: TABLE; Schema: auth; Owner: supabase_auth_admin
--

CREATE TABLE auth.audit_log_entries (
    instance_id uuid,
    id uuid NOT NULL,
    payload json,
    created_at timestamp with time zone,
    ip_address character varying(64) DEFAULT ''::character varying NOT NULL
);


ALTER TABLE auth.audit_log_entries OWNER TO supabase_auth_admin;

--
-- Name: TABLE audit_log_entries; Type: COMMENT; Schema: auth; Owner: supabase_auth_admin
--

COMMENT ON TABLE auth.audit_log_entries IS 'Auth: Audit trail for user actions.';


--
-- Name: flow_state; Type: TABLE; Schema: auth; Owner: supabase_auth_admin
--

CREATE TABLE auth.flow_state (
    id uuid NOT NULL,
    user_id uuid,
    auth_code text NOT NULL,
    code_challenge_method auth.code_challenge_method NOT NULL,
    code_challenge text NOT NULL,
    provider_type text NOT NULL,
    provider_access_token text,
    provider_refresh_token text,
    created_at timestamp with time zone,
    updated_at timestamp with time zone,
    authentication_method text NOT NULL,
    auth_code_issued_at timestamp with time zone
);


ALTER TABLE auth.flow_state OWNER TO supabase_auth_admin;

--
-- Name: TABLE flow_state; Type: COMMENT; Schema: auth; Owner: supabase_auth_admin
--

COMMENT ON TABLE auth.flow_state IS 'stores metadata for pkce logins';


--
-- Name: identities; Type: TABLE; Schema: auth; Owner: supabase_auth_admin
--

CREATE TABLE auth.identities (
    provider_id text NOT NULL,
    user_id uuid NOT NULL,
    identity_data jsonb NOT NULL,
    provider text NOT NULL,
    last_sign_in_at timestamp with time zone,
    created_at timestamp with time zone,
    updated_at timestamp with time zone,
    email text GENERATED ALWAYS AS (lower((identity_data ->> 'email'::text))) STORED,
    id uuid DEFAULT gen_random_uuid() NOT NULL
);


ALTER TABLE auth.identities OWNER TO supabase_auth_admin;

--
-- Name: TABLE identities; Type: COMMENT; Schema: auth; Owner: supabase_auth_admin
--

COMMENT ON TABLE auth.identities IS 'Auth: Stores identities associated to a user.';


--
-- Name: COLUMN identities.email; Type: COMMENT; Schema: auth; Owner: supabase_auth_admin
--

COMMENT ON COLUMN auth.identities.email IS 'Auth: Email is a generated column that references the optional email property in the identity_data';


--
-- Name: instances; Type: TABLE; Schema: auth; Owner: supabase_auth_admin
--

CREATE TABLE auth.instances (
    id uuid NOT NULL,
    uuid uuid,
    raw_base_config text,
    created_at timestamp with time zone,
    updated_at timestamp with time zone
);


ALTER TABLE auth.instances OWNER TO supabase_auth_admin;

--
-- Name: TABLE instances; Type: COMMENT; Schema: auth; Owner: supabase_auth_admin
--

COMMENT ON TABLE auth.instances IS 'Auth: Manages users across multiple sites.';


--
-- Name: mfa_amr_claims; Type: TABLE; Schema: auth; Owner: supabase_auth_admin
--

CREATE TABLE auth.mfa_amr_claims (
    session_id uuid NOT NULL,
    created_at timestamp with time zone NOT NULL,
    updated_at timestamp with time zone NOT NULL,
    authentication_method text NOT NULL,
    id uuid NOT NULL
);


ALTER TABLE auth.mfa_amr_claims OWNER TO supabase_auth_admin;

--
-- Name: TABLE mfa_amr_claims; Type: COMMENT; Schema: auth; Owner: supabase_auth_admin
--

COMMENT ON TABLE auth.mfa_amr_claims IS 'auth: stores authenticator method reference claims for multi factor authentication';


--
-- Name: mfa_challenges; Type: TABLE; Schema: auth; Owner: supabase_auth_admin
--

CREATE TABLE auth.mfa_challenges (
    id uuid NOT NULL,
    factor_id uuid NOT NULL,
    created_at timestamp with time zone NOT NULL,
    verified_at timestamp with time zone,
    ip_address inet NOT NULL,
    otp_code text,
    web_authn_session_data jsonb
);


ALTER TABLE auth.mfa_challenges OWNER TO supabase_auth_admin;

--
-- Name: TABLE mfa_challenges; Type: COMMENT; Schema: auth; Owner: supabase_auth_admin
--

COMMENT ON TABLE auth.mfa_challenges IS 'auth: stores metadata about challenge requests made';


--
-- Name: mfa_factors; Type: TABLE; Schema: auth; Owner: supabase_auth_admin
--

CREATE TABLE auth.mfa_factors (
    id uuid NOT NULL,
    user_id uuid NOT NULL,
    friendly_name text,
    factor_type auth.factor_type NOT NULL,
    status auth.factor_status NOT NULL,
    created_at timestamp with time zone NOT NULL,
    updated_at timestamp with time zone NOT NULL,
    secret text,
    phone text,
    last_challenged_at timestamp with time zone,
    web_authn_credential jsonb,
    web_authn_aaguid uuid
);


ALTER TABLE auth.mfa_factors OWNER TO supabase_auth_admin;

--
-- Name: TABLE mfa_factors; Type: COMMENT; Schema: auth; Owner: supabase_auth_admin
--

COMMENT ON TABLE auth.mfa_factors IS 'auth: stores metadata about factors';


--
-- Name: one_time_tokens; Type: TABLE; Schema: auth; Owner: supabase_auth_admin
--

CREATE TABLE auth.one_time_tokens (
    id uuid NOT NULL,
    user_id uuid NOT NULL,
    token_type auth.one_time_token_type NOT NULL,
    token_hash text NOT NULL,
    relates_to text NOT NULL,
    created_at timestamp without time zone DEFAULT now() NOT NULL,
    updated_at timestamp without time zone DEFAULT now() NOT NULL,
    CONSTRAINT one_time_tokens_token_hash_check CHECK ((char_length(token_hash) > 0))
);


ALTER TABLE auth.one_time_tokens OWNER TO supabase_auth_admin;

--
-- Name: refresh_tokens; Type: TABLE; Schema: auth; Owner: supabase_auth_admin
--

CREATE TABLE auth.refresh_tokens (
    instance_id uuid,
    id bigint NOT NULL,
    token character varying(255),
    user_id character varying(255),
    revoked boolean,
    created_at timestamp with time zone,
    updated_at timestamp with time zone,
    parent character varying(255),
    session_id uuid
);


ALTER TABLE auth.refresh_tokens OWNER TO supabase_auth_admin;

--
-- Name: TABLE refresh_tokens; Type: COMMENT; Schema: auth; Owner: supabase_auth_admin
--

COMMENT ON TABLE auth.refresh_tokens IS 'Auth: Store of tokens used to refresh JWT tokens once they expire.';


--
-- Name: refresh_tokens_id_seq; Type: SEQUENCE; Schema: auth; Owner: supabase_auth_admin
--

CREATE SEQUENCE auth.refresh_tokens_id_seq
    START WITH 1
    INCREMENT BY 1
    NO MINVALUE
    NO MAXVALUE
    CACHE 1;


ALTER TABLE auth.refresh_tokens_id_seq OWNER TO supabase_auth_admin;

--
-- Name: refresh_tokens_id_seq; Type: SEQUENCE OWNED BY; Schema: auth; Owner: supabase_auth_admin
--

ALTER SEQUENCE auth.refresh_tokens_id_seq OWNED BY auth.refresh_tokens.id;


--
-- Name: saml_providers; Type: TABLE; Schema: auth; Owner: supabase_auth_admin
--

CREATE TABLE auth.saml_providers (
    id uuid NOT NULL,
    sso_provider_id uuid NOT NULL,
    entity_id text NOT NULL,
    metadata_xml text NOT NULL,
    metadata_url text,
    attribute_mapping jsonb,
    created_at timestamp with time zone,
    updated_at timestamp with time zone,
    name_id_format text,
    CONSTRAINT "entity_id not empty" CHECK ((char_length(entity_id) > 0)),
    CONSTRAINT "metadata_url not empty" CHECK (((metadata_url = NULL::text) OR (char_length(metadata_url) > 0))),
    CONSTRAINT "metadata_xml not empty" CHECK ((char_length(metadata_xml) > 0))
);


ALTER TABLE auth.saml_providers OWNER TO supabase_auth_admin;

--
-- Name: TABLE saml_providers; Type: COMMENT; Schema: auth; Owner: supabase_auth_admin
--

COMMENT ON TABLE auth.saml_providers IS 'Auth: Manages SAML Identity Provider connections.';


--
-- Name: saml_relay_states; Type: TABLE; Schema: auth; Owner: supabase_auth_admin
--

CREATE TABLE auth.saml_relay_states (
    id uuid NOT NULL,
    sso_provider_id uuid NOT NULL,
    request_id text NOT NULL,
    for_email text,
    redirect_to text,
    created_at timestamp with time zone,
    updated_at timestamp with time zone,
    flow_state_id uuid,
    CONSTRAINT "request_id not empty" CHECK ((char_length(request_id) > 0))
);


ALTER TABLE auth.saml_relay_states OWNER TO supabase_auth_admin;

--
-- Name: TABLE saml_relay_states; Type: COMMENT; Schema: auth; Owner: supabase_auth_admin
--

COMMENT ON TABLE auth.saml_relay_states IS 'Auth: Contains SAML Relay State information for each Service Provider initiated login.';


--
-- Name: schema_migrations; Type: TABLE; Schema: auth; Owner: supabase_auth_admin
--

CREATE TABLE auth.schema_migrations (
    version character varying(255) NOT NULL
);


ALTER TABLE auth.schema_migrations OWNER TO supabase_auth_admin;

--
-- Name: TABLE schema_migrations; Type: COMMENT; Schema: auth; Owner: supabase_auth_admin
--

COMMENT ON TABLE auth.schema_migrations IS 'Auth: Manages updates to the auth system.';


--
-- Name: sessions; Type: TABLE; Schema: auth; Owner: supabase_auth_admin
--

CREATE TABLE auth.sessions (
    id uuid NOT NULL,
    user_id uuid NOT NULL,
    created_at timestamp with time zone,
    updated_at timestamp with time zone,
    factor_id uuid,
    aal auth.aal_level,
    not_after timestamp with time zone,
    refreshed_at timestamp without time zone,
    user_agent text,
    ip inet,
    tag text
);


ALTER TABLE auth.sessions OWNER TO supabase_auth_admin;

--
-- Name: TABLE sessions; Type: COMMENT; Schema: auth; Owner: supabase_auth_admin
--

COMMENT ON TABLE auth.sessions IS 'Auth: Stores session data associated to a user.';


--
-- Name: COLUMN sessions.not_after; Type: COMMENT; Schema: auth; Owner: supabase_auth_admin
--

COMMENT ON COLUMN auth.sessions.not_after IS 'Auth: Not after is a nullable column that contains a timestamp after which the session should be regarded as expired.';


--
-- Name: sso_domains; Type: TABLE; Schema: auth; Owner: supabase_auth_admin
--

CREATE TABLE auth.sso_domains (
    id uuid NOT NULL,
    sso_provider_id uuid NOT NULL,
    domain text NOT NULL,
    created_at timestamp with time zone,
    updated_at timestamp with time zone,
    CONSTRAINT "domain not empty" CHECK ((char_length(domain) > 0))
);


ALTER TABLE auth.sso_domains OWNER TO supabase_auth_admin;

--
-- Name: TABLE sso_domains; Type: COMMENT; Schema: auth; Owner: supabase_auth_admin
--

COMMENT ON TABLE auth.sso_domains IS 'Auth: Manages SSO email address domain mapping to an SSO Identity Provider.';


--
-- Name: sso_providers; Type: TABLE; Schema: auth; Owner: supabase_auth_admin
--

CREATE TABLE auth.sso_providers (
    id uuid NOT NULL,
    resource_id text,
    created_at timestamp with time zone,
    updated_at timestamp with time zone,
    CONSTRAINT "resource_id not empty" CHECK (((resource_id = NULL::text) OR (char_length(resource_id) > 0)))
);


ALTER TABLE auth.sso_providers OWNER TO supabase_auth_admin;

--
-- Name: TABLE sso_providers; Type: COMMENT; Schema: auth; Owner: supabase_auth_admin
--

COMMENT ON TABLE auth.sso_providers IS 'Auth: Manages SSO identity provider information; see saml_providers for SAML.';


--
-- Name: COLUMN sso_providers.resource_id; Type: COMMENT; Schema: auth; Owner: supabase_auth_admin
--

COMMENT ON COLUMN auth.sso_providers.resource_id IS 'Auth: Uniquely identifies a SSO provider according to a user-chosen resource ID (case insensitive), useful in infrastructure as code.';


--
-- Name: users; Type: TABLE; Schema: auth; Owner: supabase_auth_admin
--

CREATE TABLE auth.users (
    instance_id uuid,
    id uuid NOT NULL,
    aud character varying(255),
    role character varying(255),
    email character varying(255),
    encrypted_password character varying(255),
    email_confirmed_at timestamp with time zone,
    invited_at timestamp with time zone,
    confirmation_token character varying(255),
    confirmation_sent_at timestamp with time zone,
    recovery_token character varying(255),
    recovery_sent_at timestamp with time zone,
    email_change_token_new character varying(255),
    email_change character varying(255),
    email_change_sent_at timestamp with time zone,
    last_sign_in_at timestamp with time zone,
    raw_app_meta_data jsonb,
    raw_user_meta_data jsonb,
    is_super_admin boolean,
    created_at timestamp with time zone,
    updated_at timestamp with time zone,
    phone text DEFAULT NULL::character varying,
    phone_confirmed_at timestamp with time zone,
    phone_change text DEFAULT ''::character varying,
    phone_change_token character varying(255) DEFAULT ''::character varying,
    phone_change_sent_at timestamp with time zone,
    confirmed_at timestamp with time zone GENERATED ALWAYS AS (LEAST(email_confirmed_at, phone_confirmed_at)) STORED,
    email_change_token_current character varying(255) DEFAULT ''::character varying,
    email_change_confirm_status smallint DEFAULT 0,
    banned_until timestamp with time zone,
    reauthentication_token character varying(255) DEFAULT ''::character varying,
    reauthentication_sent_at timestamp with time zone,
    is_sso_user boolean DEFAULT false NOT NULL,
    deleted_at timestamp with time zone,
    is_anonymous boolean DEFAULT false NOT NULL,
    CONSTRAINT users_email_change_confirm_status_check CHECK (((email_change_confirm_status >= 0) AND (email_change_confirm_status <= 2)))
);


ALTER TABLE auth.users OWNER TO supabase_auth_admin;

--
-- Name: TABLE users; Type: COMMENT; Schema: auth; Owner: supabase_auth_admin
--

COMMENT ON TABLE auth.users IS 'Auth: Stores user login data within a secure schema.';


--
-- Name: COLUMN users.is_sso_user; Type: COMMENT; Schema: auth; Owner: supabase_auth_admin
--

COMMENT ON COLUMN auth.users.is_sso_user IS 'Auth: Set this column to true when the account comes from SSO. These accounts can have duplicate emails.';


--
-- Name: bookings; Type: TABLE; Schema: public; Owner: postgres
--

CREATE TABLE public.bookings (
    id bigint NOT NULL,
    created_at timestamp with time zone DEFAULT now() NOT NULL,
    "startDate" timestamp without time zone,
    "endDate" timestamp without time zone,
    "numNights" smallint,
    "numGuests" smallint,
    "cabinPrice" real,
    "extrasPrice" real,
    "totalPrice" real,
    status text,
    "hasBreakfast" boolean,
    "isPaid" boolean,
    observations text,
    "cabinId" bigint,
    "guestId" bigint
);


ALTER TABLE public.bookings OWNER TO postgres;

--
-- Name: bookings_id_seq; Type: SEQUENCE; Schema: public; Owner: postgres
--

ALTER TABLE public.bookings ALTER COLUMN id ADD GENERATED BY DEFAULT AS IDENTITY (
    SEQUENCE NAME public.bookings_id_seq
    START WITH 1
    INCREMENT BY 1
    NO MINVALUE
    NO MAXVALUE
    CACHE 1
);


--
-- Name: cabins; Type: TABLE; Schema: public; Owner: postgres
--

CREATE TABLE public.cabins (
    id bigint NOT NULL,
    created_at timestamp with time zone DEFAULT now() NOT NULL,
    name text NOT NULL,
    capacity smallint,
    price real,
    discount real,
    image text,
    description text
);


ALTER TABLE public.cabins OWNER TO postgres;

--
-- Name: cabins_id_seq; Type: SEQUENCE; Schema: public; Owner: postgres
--

ALTER TABLE public.cabins ALTER COLUMN id ADD GENERATED BY DEFAULT AS IDENTITY (
    SEQUENCE NAME public.cabins_id_seq
    START WITH 1
    INCREMENT BY 1
    NO MINVALUE
    NO MAXVALUE
    CACHE 1
);


--
-- Name: guests; Type: TABLE; Schema: public; Owner: postgres
--

CREATE TABLE public.guests (
    id bigint NOT NULL,
    created_at timestamp with time zone DEFAULT now() NOT NULL,
    "fullName" text,
    email text,
    "nationalID" text,
    nationality text,
    "countryFlag" text
);


ALTER TABLE public.guests OWNER TO postgres;

--
-- Name: guests_id_seq; Type: SEQUENCE; Schema: public; Owner: postgres
--

ALTER TABLE public.guests ALTER COLUMN id ADD GENERATED BY DEFAULT AS IDENTITY (
    SEQUENCE NAME public.guests_id_seq
    START WITH 1
    INCREMENT BY 1
    NO MINVALUE
    NO MAXVALUE
    CACHE 1
);


--
-- Name: settings; Type: TABLE; Schema: public; Owner: postgres
--

CREATE TABLE public.settings (
    id bigint NOT NULL,
    created_at timestamp with time zone DEFAULT now() NOT NULL,
    "minGuestsPerBooking" smallint,
    "maxGuestsPerBooking" smallint,
    "minNightsPerBooking" smallint,
    "maxNightsPerBooking" smallint,
    "breakfastPrice" real
);


ALTER TABLE public.settings OWNER TO postgres;

--
-- Name: settings_id_seq; Type: SEQUENCE; Schema: public; Owner: postgres
--

ALTER TABLE public.settings ALTER COLUMN id ADD GENERATED BY DEFAULT AS IDENTITY (
    SEQUENCE NAME public.settings_id_seq
    START WITH 1
    INCREMENT BY 1
    NO MINVALUE
    NO MAXVALUE
    CACHE 1
);


--
-- Name: messages; Type: TABLE; Schema: realtime; Owner: supabase_realtime_admin
--

CREATE TABLE realtime.messages (
    topic text NOT NULL,
    extension text NOT NULL,
    payload jsonb,
    event text,
    private boolean DEFAULT false,
    updated_at timestamp without time zone DEFAULT now() NOT NULL,
    inserted_at timestamp without time zone DEFAULT now() NOT NULL,
    id uuid DEFAULT gen_random_uuid() NOT NULL
)
PARTITION BY RANGE (inserted_at);


ALTER TABLE realtime.messages OWNER TO supabase_realtime_admin;

--
-- Name: schema_migrations; Type: TABLE; Schema: realtime; Owner: supabase_admin
--

CREATE TABLE realtime.schema_migrations (
    version bigint NOT NULL,
    inserted_at timestamp(0) without time zone
);


ALTER TABLE realtime.schema_migrations OWNER TO supabase_admin;

--
-- Name: subscription; Type: TABLE; Schema: realtime; Owner: supabase_admin
--

CREATE TABLE realtime.subscription (
    id bigint NOT NULL,
    subscription_id uuid NOT NULL,
    entity regclass NOT NULL,
    filters realtime.user_defined_filter[] DEFAULT '{}'::realtime.user_defined_filter[] NOT NULL,
    claims jsonb NOT NULL,
    claims_role regrole GENERATED ALWAYS AS (realtime.to_regrole((claims ->> 'role'::text))) STORED NOT NULL,
    created_at timestamp without time zone DEFAULT timezone('utc'::text, now()) NOT NULL
);


ALTER TABLE realtime.subscription OWNER TO supabase_admin;

--
-- Name: subscription_id_seq; Type: SEQUENCE; Schema: realtime; Owner: supabase_admin
--

ALTER TABLE realtime.subscription ALTER COLUMN id ADD GENERATED ALWAYS AS IDENTITY (
    SEQUENCE NAME realtime.subscription_id_seq
    START WITH 1
    INCREMENT BY 1
    NO MINVALUE
    NO MAXVALUE
    CACHE 1
);


--
-- Name: buckets; Type: TABLE; Schema: storage; Owner: supabase_storage_admin
--

CREATE TABLE storage.buckets (
    id text NOT NULL,
    name text NOT NULL,
    owner uuid,
    created_at timestamp with time zone DEFAULT now(),
    updated_at timestamp with time zone DEFAULT now(),
    public boolean DEFAULT false,
    avif_autodetection boolean DEFAULT false,
    file_size_limit bigint,
    allowed_mime_types text[],
    owner_id text
);


ALTER TABLE storage.buckets OWNER TO supabase_storage_admin;

--
-- Name: COLUMN buckets.owner; Type: COMMENT; Schema: storage; Owner: supabase_storage_admin
--

COMMENT ON COLUMN storage.buckets.owner IS 'Field is deprecated, use owner_id instead';


--
-- Name: migrations; Type: TABLE; Schema: storage; Owner: supabase_storage_admin
--

CREATE TABLE storage.migrations (
    id integer NOT NULL,
    name character varying(100) NOT NULL,
    hash character varying(40) NOT NULL,
    executed_at timestamp without time zone DEFAULT CURRENT_TIMESTAMP
);


ALTER TABLE storage.migrations OWNER TO supabase_storage_admin;

--
-- Name: objects; Type: TABLE; Schema: storage; Owner: supabase_storage_admin
--

CREATE TABLE storage.objects (
    id uuid DEFAULT gen_random_uuid() NOT NULL,
    bucket_id text,
    name text,
    owner uuid,
    created_at timestamp with time zone DEFAULT now(),
    updated_at timestamp with time zone DEFAULT now(),
    last_accessed_at timestamp with time zone DEFAULT now(),
    metadata jsonb,
    path_tokens text[] GENERATED ALWAYS AS (string_to_array(name, '/'::text)) STORED,
    version text,
    owner_id text,
    user_metadata jsonb
);


ALTER TABLE storage.objects OWNER TO supabase_storage_admin;

--
-- Name: COLUMN objects.owner; Type: COMMENT; Schema: storage; Owner: supabase_storage_admin
--

COMMENT ON COLUMN storage.objects.owner IS 'Field is deprecated, use owner_id instead';


--
-- Name: s3_multipart_uploads; Type: TABLE; Schema: storage; Owner: supabase_storage_admin
--

CREATE TABLE storage.s3_multipart_uploads (
    id text NOT NULL,
    in_progress_size bigint DEFAULT 0 NOT NULL,
    upload_signature text NOT NULL,
    bucket_id text NOT NULL,
    key text NOT NULL COLLATE pg_catalog."C",
    version text NOT NULL,
    owner_id text,
    created_at timestamp with time zone DEFAULT now() NOT NULL,
    user_metadata jsonb
);


ALTER TABLE storage.s3_multipart_uploads OWNER TO supabase_storage_admin;

--
-- Name: s3_multipart_uploads_parts; Type: TABLE; Schema: storage; Owner: supabase_storage_admin
--

CREATE TABLE storage.s3_multipart_uploads_parts (
    id uuid DEFAULT gen_random_uuid() NOT NULL,
    upload_id text NOT NULL,
    size bigint DEFAULT 0 NOT NULL,
    part_number integer NOT NULL,
    bucket_id text NOT NULL,
    key text NOT NULL COLLATE pg_catalog."C",
    etag text NOT NULL,
    owner_id text,
    version text NOT NULL,
    created_at timestamp with time zone DEFAULT now() NOT NULL
);


ALTER TABLE storage.s3_multipart_uploads_parts OWNER TO supabase_storage_admin;

--
-- Name: decrypted_secrets; Type: VIEW; Schema: vault; Owner: supabase_admin
--

CREATE VIEW vault.decrypted_secrets AS
 SELECT secrets.id,
    secrets.name,
    secrets.description,
    secrets.secret,
        CASE
            WHEN (secrets.secret IS NULL) THEN NULL::text
            ELSE
            CASE
                WHEN (secrets.key_id IS NULL) THEN NULL::text
                ELSE convert_from(pgsodium.crypto_aead_det_decrypt(decode(secrets.secret, 'base64'::text), convert_to(((((secrets.id)::text || secrets.description) || (secrets.created_at)::text) || (secrets.updated_at)::text), 'utf8'::name), secrets.key_id, secrets.nonce), 'utf8'::name)
            END
        END AS decrypted_secret,
    secrets.key_id,
    secrets.nonce,
    secrets.created_at,
    secrets.updated_at
   FROM vault.secrets;


ALTER TABLE vault.decrypted_secrets OWNER TO supabase_admin;

--
-- Name: refresh_tokens id; Type: DEFAULT; Schema: auth; Owner: supabase_auth_admin
--

ALTER TABLE ONLY auth.refresh_tokens ALTER COLUMN id SET DEFAULT nextval('auth.refresh_tokens_id_seq'::regclass);


--
-- Data for Name: audit_log_entries; Type: TABLE DATA; Schema: auth; Owner: supabase_auth_admin
--

COPY auth.audit_log_entries (instance_id, id, payload, created_at, ip_address) FROM stdin;
00000000-0000-0000-0000-000000000000	21c9a25e-959b-4233-ae32-94380e0e73a1	{"action":"user_signedup","actor_id":"00000000-0000-0000-0000-000000000000","actor_username":"service_role","actor_via_sso":false,"log_type":"team","traits":{"user_email":"kakito.bish@gmail.com","user_id":"fc7506ef-3e8c-4642-9ded-9f2d16e0c4bc","user_phone":""}}	2024-11-22 16:23:16.581556+00	
00000000-0000-0000-0000-000000000000	2d345016-cbc0-45af-9b40-ed838ca4880d	{"action":"user_repeated_signup","actor_id":"fc7506ef-3e8c-4642-9ded-9f2d16e0c4bc","actor_username":"kakito.bish@gmail.com","actor_via_sso":false,"log_type":"user","traits":{"provider":"email"}}	2024-11-22 17:35:00.748658+00	
00000000-0000-0000-0000-000000000000	93cbd781-99b4-488a-b5ac-5e23ac4b1a1a	{"action":"user_repeated_signup","actor_id":"fc7506ef-3e8c-4642-9ded-9f2d16e0c4bc","actor_username":"kakito.bish@gmail.com","actor_via_sso":false,"log_type":"user","traits":{"provider":"email"}}	2024-11-22 17:36:25.309939+00	
00000000-0000-0000-0000-000000000000	72b1ccd2-1a3c-420c-9b61-3b819546facb	{"action":"login","actor_id":"fc7506ef-3e8c-4642-9ded-9f2d16e0c4bc","actor_username":"kakito.bish@gmail.com","actor_via_sso":false,"log_type":"account","traits":{"provider":"email"}}	2024-11-22 17:39:53.385525+00	
00000000-0000-0000-0000-000000000000	3b597c2f-e049-436a-a3e6-523639e54ef5	{"action":"token_refreshed","actor_id":"fc7506ef-3e8c-4642-9ded-9f2d16e0c4bc","actor_username":"kakito.bish@gmail.com","actor_via_sso":false,"log_type":"token"}	2024-11-22 21:01:30.65668+00	
00000000-0000-0000-0000-000000000000	d2d8b239-8fe9-4dab-a3e2-6ac917e91602	{"action":"token_revoked","actor_id":"fc7506ef-3e8c-4642-9ded-9f2d16e0c4bc","actor_username":"kakito.bish@gmail.com","actor_via_sso":false,"log_type":"token"}	2024-11-22 21:01:30.661206+00	
00000000-0000-0000-0000-000000000000	76f99f44-5f39-4d22-9089-883ce97427b0	{"action":"login","actor_id":"fc7506ef-3e8c-4642-9ded-9f2d16e0c4bc","actor_username":"kakito.bish@gmail.com","actor_via_sso":false,"log_type":"account","traits":{"provider":"email"}}	2024-11-22 21:09:04.206323+00	
00000000-0000-0000-0000-000000000000	f702d93d-b507-4bab-920f-6ef45eca43a5	{"action":"login","actor_id":"fc7506ef-3e8c-4642-9ded-9f2d16e0c4bc","actor_username":"kakito.bish@gmail.com","actor_via_sso":false,"log_type":"account","traits":{"provider":"email"}}	2024-11-23 11:57:51.222669+00	
00000000-0000-0000-0000-000000000000	88ad3770-7013-4bfd-a68e-2a58e537d30a	{"action":"login","actor_id":"fc7506ef-3e8c-4642-9ded-9f2d16e0c4bc","actor_username":"kakito.bish@gmail.com","actor_via_sso":false,"log_type":"account","traits":{"provider":"email"}}	2024-11-23 12:04:05.822309+00	
00000000-0000-0000-0000-000000000000	5a4ca666-2410-4119-8c70-ef02cee138aa	{"action":"login","actor_id":"fc7506ef-3e8c-4642-9ded-9f2d16e0c4bc","actor_username":"kakito.bish@gmail.com","actor_via_sso":false,"log_type":"account","traits":{"provider":"email"}}	2024-11-23 12:12:03.946104+00	
00000000-0000-0000-0000-000000000000	9ac5cfc0-0d58-4eac-a462-c451b62805d3	{"action":"login","actor_id":"fc7506ef-3e8c-4642-9ded-9f2d16e0c4bc","actor_username":"kakito.bish@gmail.com","actor_via_sso":false,"log_type":"account","traits":{"provider":"email"}}	2024-11-23 12:13:24.530441+00	
00000000-0000-0000-0000-000000000000	3ff085f7-18fd-411f-a9c7-a72570210b03	{"action":"login","actor_id":"fc7506ef-3e8c-4642-9ded-9f2d16e0c4bc","actor_username":"kakito.bish@gmail.com","actor_via_sso":false,"log_type":"account","traits":{"provider":"email"}}	2024-11-23 12:14:35.700622+00	
00000000-0000-0000-0000-000000000000	80486fff-ac1a-49d5-8e78-4de324aac296	{"action":"login","actor_id":"fc7506ef-3e8c-4642-9ded-9f2d16e0c4bc","actor_username":"kakito.bish@gmail.com","actor_via_sso":false,"log_type":"account","traits":{"provider":"email"}}	2024-11-23 12:15:15.527601+00	
00000000-0000-0000-0000-000000000000	5f453f46-a26e-40c5-801b-759074f04c5a	{"action":"login","actor_id":"fc7506ef-3e8c-4642-9ded-9f2d16e0c4bc","actor_username":"kakito.bish@gmail.com","actor_via_sso":false,"log_type":"account","traits":{"provider":"email"}}	2024-11-23 12:17:35.746912+00	
00000000-0000-0000-0000-000000000000	7a0a9fca-67d0-44cf-a4df-d61d150fec06	{"action":"token_refreshed","actor_id":"fc7506ef-3e8c-4642-9ded-9f2d16e0c4bc","actor_username":"kakito.bish@gmail.com","actor_via_sso":false,"log_type":"token"}	2024-11-23 13:16:48.38336+00	
00000000-0000-0000-0000-000000000000	d194a752-db0f-43d3-a24a-58f0b3561445	{"action":"token_revoked","actor_id":"fc7506ef-3e8c-4642-9ded-9f2d16e0c4bc","actor_username":"kakito.bish@gmail.com","actor_via_sso":false,"log_type":"token"}	2024-11-23 13:16:48.385171+00	
00000000-0000-0000-0000-000000000000	461b90de-5d97-4b54-8e75-6fc1502e61a2	{"action":"logout","actor_id":"fc7506ef-3e8c-4642-9ded-9f2d16e0c4bc","actor_username":"kakito.bish@gmail.com","actor_via_sso":false,"log_type":"account"}	2024-11-23 13:18:11.456891+00	
00000000-0000-0000-0000-000000000000	291d42c7-92ac-49d9-b764-8fe27b62a503	{"action":"login","actor_id":"fc7506ef-3e8c-4642-9ded-9f2d16e0c4bc","actor_username":"kakito.bish@gmail.com","actor_via_sso":false,"log_type":"account","traits":{"provider":"email"}}	2024-11-23 13:42:53.49233+00	
00000000-0000-0000-0000-000000000000	bbc6c1a4-8c96-47ed-8996-25a8fc6c352b	{"action":"user_signedup","actor_id":"c1c5065d-8d7a-4b31-84b4-7565bbe9ee6b","actor_username":"koko.late@gmail.com","actor_via_sso":false,"log_type":"team","traits":{"provider":"email"}}	2024-11-23 14:16:48.360136+00	
00000000-0000-0000-0000-000000000000	463ba761-829c-4a5d-8dbb-03a115f2e3d9	{"action":"login","actor_id":"c1c5065d-8d7a-4b31-84b4-7565bbe9ee6b","actor_username":"koko.late@gmail.com","actor_via_sso":false,"log_type":"account","traits":{"provider":"email"}}	2024-11-23 14:16:48.367258+00	
00000000-0000-0000-0000-000000000000	6ba50e29-d0e8-4bce-80bf-0daadd2bc654	{"action":"logout","actor_id":"c1c5065d-8d7a-4b31-84b4-7565bbe9ee6b","actor_username":"koko.late@gmail.com","actor_via_sso":false,"log_type":"account"}	2024-11-23 14:23:20.226854+00	
00000000-0000-0000-0000-000000000000	e5a8d5e7-9a13-4ed1-bd02-d7a9fffae522	{"action":"login","actor_id":"c1c5065d-8d7a-4b31-84b4-7565bbe9ee6b","actor_username":"koko.late@gmail.com","actor_via_sso":false,"log_type":"account","traits":{"provider":"email"}}	2024-11-23 14:24:04.011582+00	
00000000-0000-0000-0000-000000000000	d3fb0b70-8e30-4eb5-82dc-67550f578935	{"action":"logout","actor_id":"c1c5065d-8d7a-4b31-84b4-7565bbe9ee6b","actor_username":"koko.late@gmail.com","actor_via_sso":false,"log_type":"account"}	2024-11-23 14:28:07.586725+00	
00000000-0000-0000-0000-000000000000	eb9c3b84-e872-4d45-9dcd-57a90edd4061	{"action":"login","actor_id":"fc7506ef-3e8c-4642-9ded-9f2d16e0c4bc","actor_username":"kakito.bish@gmail.com","actor_via_sso":false,"log_type":"account","traits":{"provider":"email"}}	2024-11-23 14:28:21.159753+00	
00000000-0000-0000-0000-000000000000	dfae4228-96f1-4422-beb6-cb7f4c12bffe	{"action":"user_confirmation_requested","actor_id":"0d78dfe9-27d2-4c22-b59e-293db5ad93f0","actor_username":"vultejufya@gufum.com","actor_via_sso":false,"log_type":"user","traits":{"provider":"email"}}	2024-11-23 14:28:55.473965+00	
00000000-0000-0000-0000-000000000000	4c7ff26b-d11a-43a8-9406-a4537fd98622	{"action":"logout","actor_id":"fc7506ef-3e8c-4642-9ded-9f2d16e0c4bc","actor_username":"kakito.bish@gmail.com","actor_via_sso":false,"log_type":"account"}	2024-11-23 14:37:31.539833+00	
00000000-0000-0000-0000-000000000000	7a56ee39-e3cb-4d75-be1c-22bde4ffc5c5	{"action":"user_signedup","actor_id":"0d78dfe9-27d2-4c22-b59e-293db5ad93f0","actor_username":"vultejufya@gufum.com","actor_via_sso":false,"log_type":"team"}	2024-11-23 14:40:43.503208+00	
00000000-0000-0000-0000-000000000000	ccc504b7-15c3-49b2-84dc-f2476776d028	{"action":"logout","actor_id":"0d78dfe9-27d2-4c22-b59e-293db5ad93f0","actor_username":"vultejufya@gufum.com","actor_via_sso":false,"log_type":"account"}	2024-11-23 14:55:19.741795+00	
00000000-0000-0000-0000-000000000000	7df66587-6b5b-4a89-9334-dcd9f6f0c7b3	{"action":"login","actor_id":"fc7506ef-3e8c-4642-9ded-9f2d16e0c4bc","actor_username":"kakito.bish@gmail.com","actor_via_sso":false,"log_type":"account","traits":{"provider":"email"}}	2024-11-23 15:02:39.919973+00	
00000000-0000-0000-0000-000000000000	af045273-5420-4849-8505-46ebf5a4d186	{"action":"logout","actor_id":"fc7506ef-3e8c-4642-9ded-9f2d16e0c4bc","actor_username":"kakito.bish@gmail.com","actor_via_sso":false,"log_type":"account"}	2024-11-23 15:09:26.237181+00	
00000000-0000-0000-0000-000000000000	d0706f56-b45a-43af-9caf-820873c07228	{"action":"login","actor_id":"0d78dfe9-27d2-4c22-b59e-293db5ad93f0","actor_username":"vultejufya@gufum.com","actor_via_sso":false,"log_type":"account","traits":{"provider":"email"}}	2024-11-23 15:09:34.961111+00	
00000000-0000-0000-0000-000000000000	fa8d4dc3-0b8b-4e2a-bf68-47bf2237de23	{"action":"user_modified","actor_id":"0d78dfe9-27d2-4c22-b59e-293db5ad93f0","actor_username":"vultejufya@gufum.com","actor_via_sso":false,"log_type":"user"}	2024-11-23 15:51:18.73509+00	
00000000-0000-0000-0000-000000000000	4d554e3a-775f-45df-b497-d28c16902beb	{"action":"user_modified","actor_id":"0d78dfe9-27d2-4c22-b59e-293db5ad93f0","actor_username":"vultejufya@gufum.com","actor_via_sso":false,"log_type":"user"}	2024-11-23 15:52:35.041438+00	
00000000-0000-0000-0000-000000000000	f399d56d-03c5-4354-8b4c-9e718beff0ad	{"action":"user_modified","actor_id":"0d78dfe9-27d2-4c22-b59e-293db5ad93f0","actor_username":"vultejufya@gufum.com","actor_via_sso":false,"log_type":"user"}	2024-11-23 15:53:36.514144+00	
00000000-0000-0000-0000-000000000000	66c48411-628f-4cb0-96c3-26bdd139852d	{"action":"user_modified","actor_id":"0d78dfe9-27d2-4c22-b59e-293db5ad93f0","actor_username":"vultejufya@gufum.com","actor_via_sso":false,"log_type":"user"}	2024-11-23 15:54:19.109707+00	
00000000-0000-0000-0000-000000000000	525b38af-7cab-483d-9c96-e6241f0051eb	{"action":"user_modified","actor_id":"0d78dfe9-27d2-4c22-b59e-293db5ad93f0","actor_username":"vultejufya@gufum.com","actor_via_sso":false,"log_type":"user"}	2024-11-23 15:55:14.808541+00	
00000000-0000-0000-0000-000000000000	0f5d0043-9cbf-4cd8-bf66-cc724e7b4572	{"action":"user_modified","actor_id":"0d78dfe9-27d2-4c22-b59e-293db5ad93f0","actor_username":"vultejufya@gufum.com","actor_via_sso":false,"log_type":"user"}	2024-11-23 16:00:28.803031+00	
00000000-0000-0000-0000-000000000000	6e9bfd75-8ca4-4fb4-9d12-cde84c9fb1bc	{"action":"user_modified","actor_id":"0d78dfe9-27d2-4c22-b59e-293db5ad93f0","actor_username":"vultejufya@gufum.com","actor_via_sso":false,"log_type":"user"}	2024-11-23 16:04:39.348136+00	
00000000-0000-0000-0000-000000000000	7910606a-4b64-4cb6-aad5-6caa4acbc79d	{"action":"user_modified","actor_id":"0d78dfe9-27d2-4c22-b59e-293db5ad93f0","actor_username":"vultejufya@gufum.com","actor_via_sso":false,"log_type":"user"}	2024-11-23 16:05:40.354103+00	
00000000-0000-0000-0000-000000000000	21401399-1972-49b0-9928-aff56629f645	{"action":"user_modified","actor_id":"0d78dfe9-27d2-4c22-b59e-293db5ad93f0","actor_username":"vultejufya@gufum.com","actor_via_sso":false,"log_type":"user"}	2024-11-23 16:07:02.953682+00	
00000000-0000-0000-0000-000000000000	2e85c577-bc75-4396-b590-62bc6c34915b	{"action":"user_modified","actor_id":"0d78dfe9-27d2-4c22-b59e-293db5ad93f0","actor_username":"vultejufya@gufum.com","actor_via_sso":false,"log_type":"user"}	2024-11-23 16:07:05.131285+00	
00000000-0000-0000-0000-000000000000	5aa91066-3bbd-490f-9bb1-534432edf182	{"action":"token_refreshed","actor_id":"0d78dfe9-27d2-4c22-b59e-293db5ad93f0","actor_username":"vultejufya@gufum.com","actor_via_sso":false,"log_type":"token"}	2024-11-23 16:08:00.061747+00	
00000000-0000-0000-0000-000000000000	74c8d995-74a3-4889-99ee-942f1897be66	{"action":"token_revoked","actor_id":"0d78dfe9-27d2-4c22-b59e-293db5ad93f0","actor_username":"vultejufya@gufum.com","actor_via_sso":false,"log_type":"token"}	2024-11-23 16:08:00.063831+00	
00000000-0000-0000-0000-000000000000	ef541941-dc0c-4b64-8881-55c326f7054f	{"action":"user_updated_password","actor_id":"0d78dfe9-27d2-4c22-b59e-293db5ad93f0","actor_username":"vultejufya@gufum.com","actor_via_sso":false,"log_type":"user"}	2024-11-23 16:18:40.360127+00	
00000000-0000-0000-0000-000000000000	db445562-5015-4df5-9d2f-d7ff1b00909f	{"action":"user_modified","actor_id":"0d78dfe9-27d2-4c22-b59e-293db5ad93f0","actor_username":"vultejufya@gufum.com","actor_via_sso":false,"log_type":"user"}	2024-11-23 16:18:40.361891+00	
00000000-0000-0000-0000-000000000000	a3d7601d-e626-4998-b8b8-f08ca128ce8c	{"action":"logout","actor_id":"0d78dfe9-27d2-4c22-b59e-293db5ad93f0","actor_username":"vultejufya@gufum.com","actor_via_sso":false,"log_type":"account"}	2024-11-23 16:18:45.292639+00	
00000000-0000-0000-0000-000000000000	87762802-2b9a-46f8-b3bb-a2f14906e7e7	{"action":"login","actor_id":"0d78dfe9-27d2-4c22-b59e-293db5ad93f0","actor_username":"vultejufya@gufum.com","actor_via_sso":false,"log_type":"account","traits":{"provider":"email"}}	2024-11-23 16:18:56.787647+00	
00000000-0000-0000-0000-000000000000	aae32e00-6634-44a6-b1a3-ff4700b96a92	{"action":"token_refreshed","actor_id":"0d78dfe9-27d2-4c22-b59e-293db5ad93f0","actor_username":"vultejufya@gufum.com","actor_via_sso":false,"log_type":"token"}	2024-11-24 06:16:53.070173+00	
00000000-0000-0000-0000-000000000000	3a9ab4cc-10f6-4e67-8f5b-396a5e8da7ed	{"action":"token_revoked","actor_id":"0d78dfe9-27d2-4c22-b59e-293db5ad93f0","actor_username":"vultejufya@gufum.com","actor_via_sso":false,"log_type":"token"}	2024-11-24 06:16:53.078792+00	
00000000-0000-0000-0000-000000000000	7c2b2a35-69f5-4bae-8370-4bbe995b1d6f	{"action":"token_refreshed","actor_id":"0d78dfe9-27d2-4c22-b59e-293db5ad93f0","actor_username":"vultejufya@gufum.com","actor_via_sso":false,"log_type":"token"}	2024-11-24 07:24:34.512969+00	
00000000-0000-0000-0000-000000000000	f0628d48-a4df-4393-af79-9ef20808998e	{"action":"token_refreshed","actor_id":"0d78dfe9-27d2-4c22-b59e-293db5ad93f0","actor_username":"vultejufya@gufum.com","actor_via_sso":false,"log_type":"token"}	2024-11-24 08:22:43.31374+00	
00000000-0000-0000-0000-000000000000	cec0ffb6-9f49-4208-86b3-adf74809752e	{"action":"token_revoked","actor_id":"0d78dfe9-27d2-4c22-b59e-293db5ad93f0","actor_username":"vultejufya@gufum.com","actor_via_sso":false,"log_type":"token"}	2024-11-24 08:22:43.315578+00	
00000000-0000-0000-0000-000000000000	1b4a2f89-f87e-4180-93d3-d983f4cc0574	{"action":"token_refreshed","actor_id":"0d78dfe9-27d2-4c22-b59e-293db5ad93f0","actor_username":"vultejufya@gufum.com","actor_via_sso":false,"log_type":"token"}	2024-11-24 09:34:05.577832+00	
00000000-0000-0000-0000-000000000000	68a4284d-b4cd-470d-a84a-adcd15b0bf57	{"action":"token_revoked","actor_id":"0d78dfe9-27d2-4c22-b59e-293db5ad93f0","actor_username":"vultejufya@gufum.com","actor_via_sso":false,"log_type":"token"}	2024-11-24 09:34:05.579787+00	
00000000-0000-0000-0000-000000000000	d99d4316-5634-4d2a-94a7-734149599653	{"action":"token_refreshed","actor_id":"0d78dfe9-27d2-4c22-b59e-293db5ad93f0","actor_username":"vultejufya@gufum.com","actor_via_sso":false,"log_type":"token"}	2024-11-24 10:32:08.861801+00	
00000000-0000-0000-0000-000000000000	6b3e090d-2cc8-40bb-93c1-ca78b8944d2e	{"action":"token_revoked","actor_id":"0d78dfe9-27d2-4c22-b59e-293db5ad93f0","actor_username":"vultejufya@gufum.com","actor_via_sso":false,"log_type":"token"}	2024-11-24 10:32:08.863872+00	
00000000-0000-0000-0000-000000000000	92cf340e-e19a-48cc-aff1-48487324c68b	{"action":"token_refreshed","actor_id":"0d78dfe9-27d2-4c22-b59e-293db5ad93f0","actor_username":"vultejufya@gufum.com","actor_via_sso":false,"log_type":"token"}	2024-11-24 11:30:13.625981+00	
00000000-0000-0000-0000-000000000000	3b74f1ac-4a09-473f-bd0b-4e0cf8201f08	{"action":"token_revoked","actor_id":"0d78dfe9-27d2-4c22-b59e-293db5ad93f0","actor_username":"vultejufya@gufum.com","actor_via_sso":false,"log_type":"token"}	2024-11-24 11:30:13.627463+00	
00000000-0000-0000-0000-000000000000	0db5143d-3d05-414e-ae91-0f82c95d0752	{"action":"token_refreshed","actor_id":"0d78dfe9-27d2-4c22-b59e-293db5ad93f0","actor_username":"vultejufya@gufum.com","actor_via_sso":false,"log_type":"token"}	2024-11-24 12:28:33.744961+00	
00000000-0000-0000-0000-000000000000	e04cc11d-6933-4b05-a1fb-930386131803	{"action":"token_revoked","actor_id":"0d78dfe9-27d2-4c22-b59e-293db5ad93f0","actor_username":"vultejufya@gufum.com","actor_via_sso":false,"log_type":"token"}	2024-11-24 12:28:33.746763+00	
00000000-0000-0000-0000-000000000000	0bb51a35-a5a2-4e1a-a9ce-e3d88df05870	{"action":"token_refreshed","actor_id":"0d78dfe9-27d2-4c22-b59e-293db5ad93f0","actor_username":"vultejufya@gufum.com","actor_via_sso":false,"log_type":"token"}	2024-11-24 13:26:34.209086+00	
00000000-0000-0000-0000-000000000000	79d9fbb7-c16f-417f-a0ce-e166fe029f3b	{"action":"token_revoked","actor_id":"0d78dfe9-27d2-4c22-b59e-293db5ad93f0","actor_username":"vultejufya@gufum.com","actor_via_sso":false,"log_type":"token"}	2024-11-24 13:26:34.211612+00	
00000000-0000-0000-0000-000000000000	4001474e-5a6f-4c16-947a-f37c5ac18890	{"action":"token_refreshed","actor_id":"0d78dfe9-27d2-4c22-b59e-293db5ad93f0","actor_username":"vultejufya@gufum.com","actor_via_sso":false,"log_type":"token"}	2024-11-24 14:56:23.097771+00	
00000000-0000-0000-0000-000000000000	e4d9a18b-df03-443c-8789-6d82a1bbfc28	{"action":"token_revoked","actor_id":"0d78dfe9-27d2-4c22-b59e-293db5ad93f0","actor_username":"vultejufya@gufum.com","actor_via_sso":false,"log_type":"token"}	2024-11-24 14:56:23.099989+00	
00000000-0000-0000-0000-000000000000	380d7d97-3ec7-42a9-840d-f39af6437d6f	{"action":"token_refreshed","actor_id":"0d78dfe9-27d2-4c22-b59e-293db5ad93f0","actor_username":"vultejufya@gufum.com","actor_via_sso":false,"log_type":"token"}	2024-11-24 15:54:25.734887+00	
00000000-0000-0000-0000-000000000000	e99de36f-6e68-40b7-8292-a3cbee165e71	{"action":"token_revoked","actor_id":"0d78dfe9-27d2-4c22-b59e-293db5ad93f0","actor_username":"vultejufya@gufum.com","actor_via_sso":false,"log_type":"token"}	2024-11-24 15:54:25.737186+00	
00000000-0000-0000-0000-000000000000	7aef9a1f-c53e-4d6f-b920-988239d66c37	{"action":"token_refreshed","actor_id":"0d78dfe9-27d2-4c22-b59e-293db5ad93f0","actor_username":"vultejufya@gufum.com","actor_via_sso":false,"log_type":"token"}	2024-11-24 16:52:31.930293+00	
00000000-0000-0000-0000-000000000000	fd7a6436-f2f4-4e62-982c-8f41cec194b6	{"action":"token_revoked","actor_id":"0d78dfe9-27d2-4c22-b59e-293db5ad93f0","actor_username":"vultejufya@gufum.com","actor_via_sso":false,"log_type":"token"}	2024-11-24 16:52:31.932838+00	
00000000-0000-0000-0000-000000000000	4d3a20b1-f38e-4d85-9553-1b88b2d5793f	{"action":"token_refreshed","actor_id":"0d78dfe9-27d2-4c22-b59e-293db5ad93f0","actor_username":"vultejufya@gufum.com","actor_via_sso":false,"log_type":"token"}	2024-11-25 11:10:20.882053+00	
00000000-0000-0000-0000-000000000000	c1133ea3-53cd-4c34-b33a-732ff473ae99	{"action":"token_revoked","actor_id":"0d78dfe9-27d2-4c22-b59e-293db5ad93f0","actor_username":"vultejufya@gufum.com","actor_via_sso":false,"log_type":"token"}	2024-11-25 11:10:20.895703+00	
00000000-0000-0000-0000-000000000000	eb913c01-a89c-406a-90f9-865e36a5fc22	{"action":"token_refreshed","actor_id":"0d78dfe9-27d2-4c22-b59e-293db5ad93f0","actor_username":"vultejufya@gufum.com","actor_via_sso":false,"log_type":"token"}	2024-11-25 12:08:49.514366+00	
00000000-0000-0000-0000-000000000000	c8ba0c00-7e7f-4074-ad8e-2369dccc0c34	{"action":"token_revoked","actor_id":"0d78dfe9-27d2-4c22-b59e-293db5ad93f0","actor_username":"vultejufya@gufum.com","actor_via_sso":false,"log_type":"token"}	2024-11-25 12:08:49.516298+00	
00000000-0000-0000-0000-000000000000	5b10ef7d-8b5a-40d8-89b2-737df0b2d0f8	{"action":"token_refreshed","actor_id":"0d78dfe9-27d2-4c22-b59e-293db5ad93f0","actor_username":"vultejufya@gufum.com","actor_via_sso":false,"log_type":"token"}	2024-11-25 13:07:03.329038+00	
00000000-0000-0000-0000-000000000000	adccf7a9-0db0-4e98-b4b4-e614a680c5aa	{"action":"token_revoked","actor_id":"0d78dfe9-27d2-4c22-b59e-293db5ad93f0","actor_username":"vultejufya@gufum.com","actor_via_sso":false,"log_type":"token"}	2024-11-25 13:07:03.330472+00	
00000000-0000-0000-0000-000000000000	9ae28c9d-d1cf-4f82-aff7-e96b207c8d90	{"action":"token_refreshed","actor_id":"0d78dfe9-27d2-4c22-b59e-293db5ad93f0","actor_username":"vultejufya@gufum.com","actor_via_sso":false,"log_type":"token"}	2024-11-25 14:06:41.675381+00	
00000000-0000-0000-0000-000000000000	78b4e9b2-cd8d-44c4-ab48-9b26c7838735	{"action":"token_revoked","actor_id":"0d78dfe9-27d2-4c22-b59e-293db5ad93f0","actor_username":"vultejufya@gufum.com","actor_via_sso":false,"log_type":"token"}	2024-11-25 14:06:41.677328+00	
00000000-0000-0000-0000-000000000000	cb1e4c04-e1c2-4961-ab66-b403ad8eec93	{"action":"token_refreshed","actor_id":"0d78dfe9-27d2-4c22-b59e-293db5ad93f0","actor_username":"vultejufya@gufum.com","actor_via_sso":false,"log_type":"token"}	2024-11-25 15:06:50.645386+00	
00000000-0000-0000-0000-000000000000	4de53b31-d9e7-4c5e-a60b-596710b28b77	{"action":"token_revoked","actor_id":"0d78dfe9-27d2-4c22-b59e-293db5ad93f0","actor_username":"vultejufya@gufum.com","actor_via_sso":false,"log_type":"token"}	2024-11-25 15:06:50.647248+00	
00000000-0000-0000-0000-000000000000	5b3c1d51-ccd0-4297-9893-7e67d619155c	{"action":"token_refreshed","actor_id":"0d78dfe9-27d2-4c22-b59e-293db5ad93f0","actor_username":"vultejufya@gufum.com","actor_via_sso":false,"log_type":"token"}	2024-11-25 16:04:53.201367+00	
00000000-0000-0000-0000-000000000000	1ee5182e-0b7b-4a5b-992c-61dcbed89550	{"action":"token_revoked","actor_id":"0d78dfe9-27d2-4c22-b59e-293db5ad93f0","actor_username":"vultejufya@gufum.com","actor_via_sso":false,"log_type":"token"}	2024-11-25 16:04:53.21018+00	
00000000-0000-0000-0000-000000000000	cf102d01-d882-4c50-a52e-532d591e3131	{"action":"token_refreshed","actor_id":"0d78dfe9-27d2-4c22-b59e-293db5ad93f0","actor_username":"vultejufya@gufum.com","actor_via_sso":false,"log_type":"token"}	2024-11-25 17:02:57.888579+00	
00000000-0000-0000-0000-000000000000	0aa2c700-1d88-4e7a-8ed7-5badc5b41b19	{"action":"token_revoked","actor_id":"0d78dfe9-27d2-4c22-b59e-293db5ad93f0","actor_username":"vultejufya@gufum.com","actor_via_sso":false,"log_type":"token"}	2024-11-25 17:02:57.890136+00	
00000000-0000-0000-0000-000000000000	a16fb639-97ca-4761-8806-6313bcbfcd1f	{"action":"token_refreshed","actor_id":"0d78dfe9-27d2-4c22-b59e-293db5ad93f0","actor_username":"vultejufya@gufum.com","actor_via_sso":false,"log_type":"token"}	2024-11-25 19:09:50.422356+00	
00000000-0000-0000-0000-000000000000	0721264d-d21d-4eed-92eb-28fe57efdf3c	{"action":"token_revoked","actor_id":"0d78dfe9-27d2-4c22-b59e-293db5ad93f0","actor_username":"vultejufya@gufum.com","actor_via_sso":false,"log_type":"token"}	2024-11-25 19:09:50.424433+00	
00000000-0000-0000-0000-000000000000	2d53b5c8-f786-494c-bacd-a44e801f36d8	{"action":"token_refreshed","actor_id":"0d78dfe9-27d2-4c22-b59e-293db5ad93f0","actor_username":"vultejufya@gufum.com","actor_via_sso":false,"log_type":"token"}	2024-11-25 19:48:15.147422+00	
00000000-0000-0000-0000-000000000000	b35ad357-babb-498c-b453-622ff52f92d6	{"action":"token_refreshed","actor_id":"0d78dfe9-27d2-4c22-b59e-293db5ad93f0","actor_username":"vultejufya@gufum.com","actor_via_sso":false,"log_type":"token"}	2024-11-26 08:01:17.36456+00	
00000000-0000-0000-0000-000000000000	0280e81a-6472-4735-bbcd-2aaae185bf9d	{"action":"token_revoked","actor_id":"0d78dfe9-27d2-4c22-b59e-293db5ad93f0","actor_username":"vultejufya@gufum.com","actor_via_sso":false,"log_type":"token"}	2024-11-26 08:01:17.379028+00	
00000000-0000-0000-0000-000000000000	784fb3ba-4a99-4b1c-975a-b72d60f8df13	{"action":"token_refreshed","actor_id":"0d78dfe9-27d2-4c22-b59e-293db5ad93f0","actor_username":"vultejufya@gufum.com","actor_via_sso":false,"log_type":"token"}	2024-11-26 08:59:34.1948+00	
00000000-0000-0000-0000-000000000000	d3f5d8a4-bc9b-46b9-9212-c1a231c544c9	{"action":"token_revoked","actor_id":"0d78dfe9-27d2-4c22-b59e-293db5ad93f0","actor_username":"vultejufya@gufum.com","actor_via_sso":false,"log_type":"token"}	2024-11-26 08:59:34.198201+00	
00000000-0000-0000-0000-000000000000	2c71ff23-f4be-4808-9fdf-9b9061a84465	{"action":"token_refreshed","actor_id":"0d78dfe9-27d2-4c22-b59e-293db5ad93f0","actor_username":"vultejufya@gufum.com","actor_via_sso":false,"log_type":"token"}	2024-11-26 10:28:04.497877+00	
00000000-0000-0000-0000-000000000000	3ee706d1-662e-4ddc-bce5-89b513d7aaea	{"action":"token_revoked","actor_id":"0d78dfe9-27d2-4c22-b59e-293db5ad93f0","actor_username":"vultejufya@gufum.com","actor_via_sso":false,"log_type":"token"}	2024-11-26 10:28:04.500594+00	
00000000-0000-0000-0000-000000000000	cc48a7b4-7cfe-4700-aa21-3343de8c3441	{"action":"token_refreshed","actor_id":"0d78dfe9-27d2-4c22-b59e-293db5ad93f0","actor_username":"vultejufya@gufum.com","actor_via_sso":false,"log_type":"token"}	2024-11-26 10:28:07.573438+00	
00000000-0000-0000-0000-000000000000	e5900d1f-b527-4b13-bbe4-427acdcc2bf7	{"action":"token_refreshed","actor_id":"0d78dfe9-27d2-4c22-b59e-293db5ad93f0","actor_username":"vultejufya@gufum.com","actor_via_sso":false,"log_type":"token"}	2024-11-26 12:45:59.095828+00	
00000000-0000-0000-0000-000000000000	b2d97240-8c14-47f7-bb74-deff6199e5f3	{"action":"token_revoked","actor_id":"0d78dfe9-27d2-4c22-b59e-293db5ad93f0","actor_username":"vultejufya@gufum.com","actor_via_sso":false,"log_type":"token"}	2024-11-26 12:45:59.108515+00	
00000000-0000-0000-0000-000000000000	4b0fc0aa-6698-4f3e-8ed7-425b1c24268b	{"action":"token_refreshed","actor_id":"0d78dfe9-27d2-4c22-b59e-293db5ad93f0","actor_username":"vultejufya@gufum.com","actor_via_sso":false,"log_type":"token"}	2024-11-26 14:11:05.941298+00	
00000000-0000-0000-0000-000000000000	c7f7f44d-36f6-4a3d-b3ed-50ef3ce57964	{"action":"token_revoked","actor_id":"0d78dfe9-27d2-4c22-b59e-293db5ad93f0","actor_username":"vultejufya@gufum.com","actor_via_sso":false,"log_type":"token"}	2024-11-26 14:11:05.942873+00	
00000000-0000-0000-0000-000000000000	eefa4525-8f2a-4a59-847d-a7b8f0ca0c9a	{"action":"token_refreshed","actor_id":"0d78dfe9-27d2-4c22-b59e-293db5ad93f0","actor_username":"vultejufya@gufum.com","actor_via_sso":false,"log_type":"token"}	2024-11-26 15:09:15.7524+00	
00000000-0000-0000-0000-000000000000	9b1a39de-9303-46f6-895a-83ee41c20e1c	{"action":"token_revoked","actor_id":"0d78dfe9-27d2-4c22-b59e-293db5ad93f0","actor_username":"vultejufya@gufum.com","actor_via_sso":false,"log_type":"token"}	2024-11-26 15:09:15.759532+00	
00000000-0000-0000-0000-000000000000	fc9b1a03-7e8e-4aa9-8c6f-90d8fd48423e	{"action":"token_refreshed","actor_id":"0d78dfe9-27d2-4c22-b59e-293db5ad93f0","actor_username":"vultejufya@gufum.com","actor_via_sso":false,"log_type":"token"}	2024-11-26 18:29:38.294508+00	
00000000-0000-0000-0000-000000000000	bb14e0c7-187e-4dd4-9421-73c3cf1d440d	{"action":"token_revoked","actor_id":"0d78dfe9-27d2-4c22-b59e-293db5ad93f0","actor_username":"vultejufya@gufum.com","actor_via_sso":false,"log_type":"token"}	2024-11-26 18:29:38.2988+00	
00000000-0000-0000-0000-000000000000	660d2d7c-6b6f-4b49-973a-0affcf457bcf	{"action":"token_refreshed","actor_id":"0d78dfe9-27d2-4c22-b59e-293db5ad93f0","actor_username":"vultejufya@gufum.com","actor_via_sso":false,"log_type":"token"}	2024-11-27 15:15:56.331985+00	
00000000-0000-0000-0000-000000000000	e33f4946-21a7-4fc3-89bc-3a3112216d6f	{"action":"token_revoked","actor_id":"0d78dfe9-27d2-4c22-b59e-293db5ad93f0","actor_username":"vultejufya@gufum.com","actor_via_sso":false,"log_type":"token"}	2024-11-27 15:15:56.349573+00	
00000000-0000-0000-0000-000000000000	174a159b-6ccb-4404-9cba-881d6e5cce17	{"action":"token_refreshed","actor_id":"0d78dfe9-27d2-4c22-b59e-293db5ad93f0","actor_username":"vultejufya@gufum.com","actor_via_sso":false,"log_type":"token"}	2024-11-27 19:38:25.183022+00	
00000000-0000-0000-0000-000000000000	f6990c84-8924-40e4-9832-17d9884de102	{"action":"token_revoked","actor_id":"0d78dfe9-27d2-4c22-b59e-293db5ad93f0","actor_username":"vultejufya@gufum.com","actor_via_sso":false,"log_type":"token"}	2024-11-27 19:38:25.194719+00	
00000000-0000-0000-0000-000000000000	31c45b8a-05f7-4776-912a-88a340d2f897	{"action":"token_refreshed","actor_id":"0d78dfe9-27d2-4c22-b59e-293db5ad93f0","actor_username":"vultejufya@gufum.com","actor_via_sso":false,"log_type":"token"}	2024-11-27 20:36:51.261983+00	
00000000-0000-0000-0000-000000000000	e65cd56c-9e96-444d-be20-e7af85b2a3f5	{"action":"token_revoked","actor_id":"0d78dfe9-27d2-4c22-b59e-293db5ad93f0","actor_username":"vultejufya@gufum.com","actor_via_sso":false,"log_type":"token"}	2024-11-27 20:36:51.264189+00	
00000000-0000-0000-0000-000000000000	4eb6900a-1c5a-4a57-a97a-19b960b78b24	{"action":"token_refreshed","actor_id":"0d78dfe9-27d2-4c22-b59e-293db5ad93f0","actor_username":"vultejufya@gufum.com","actor_via_sso":false,"log_type":"token"}	2024-11-28 10:08:43.852966+00	
00000000-0000-0000-0000-000000000000	add2894b-02a8-4839-b0f9-58e50b8d05be	{"action":"token_revoked","actor_id":"0d78dfe9-27d2-4c22-b59e-293db5ad93f0","actor_username":"vultejufya@gufum.com","actor_via_sso":false,"log_type":"token"}	2024-11-28 10:08:43.863988+00	
00000000-0000-0000-0000-000000000000	6561c707-f836-4b6f-8905-9bfa14c0d749	{"action":"token_refreshed","actor_id":"0d78dfe9-27d2-4c22-b59e-293db5ad93f0","actor_username":"vultejufya@gufum.com","actor_via_sso":false,"log_type":"token"}	2024-11-28 11:20:01.586173+00	
00000000-0000-0000-0000-000000000000	b6341827-9670-44f6-98ba-667b134afb86	{"action":"token_revoked","actor_id":"0d78dfe9-27d2-4c22-b59e-293db5ad93f0","actor_username":"vultejufya@gufum.com","actor_via_sso":false,"log_type":"token"}	2024-11-28 11:20:01.588244+00	
00000000-0000-0000-0000-000000000000	494c1368-b689-4565-9e38-8544312621c1	{"action":"token_refreshed","actor_id":"0d78dfe9-27d2-4c22-b59e-293db5ad93f0","actor_username":"vultejufya@gufum.com","actor_via_sso":false,"log_type":"token"}	2024-11-28 12:18:16.141306+00	
00000000-0000-0000-0000-000000000000	3b6520dd-7b0c-4dba-8de0-40a0ee29b3e1	{"action":"token_revoked","actor_id":"0d78dfe9-27d2-4c22-b59e-293db5ad93f0","actor_username":"vultejufya@gufum.com","actor_via_sso":false,"log_type":"token"}	2024-11-28 12:18:16.143538+00	
00000000-0000-0000-0000-000000000000	e377da65-c206-4c80-b5ee-fab216146f50	{"action":"token_refreshed","actor_id":"0d78dfe9-27d2-4c22-b59e-293db5ad93f0","actor_username":"vultejufya@gufum.com","actor_via_sso":false,"log_type":"token"}	2024-11-28 13:30:28.205228+00	
00000000-0000-0000-0000-000000000000	9e4b1b01-f5e4-471e-8ddf-af8e30b1d831	{"action":"token_revoked","actor_id":"0d78dfe9-27d2-4c22-b59e-293db5ad93f0","actor_username":"vultejufya@gufum.com","actor_via_sso":false,"log_type":"token"}	2024-11-28 13:30:28.206976+00	
00000000-0000-0000-0000-000000000000	64f259f3-4705-4862-9673-64e8b9bbaf74	{"action":"token_refreshed","actor_id":"0d78dfe9-27d2-4c22-b59e-293db5ad93f0","actor_username":"vultejufya@gufum.com","actor_via_sso":false,"log_type":"token"}	2024-11-28 14:32:51.639833+00	
00000000-0000-0000-0000-000000000000	3f8166e0-b340-47aa-9137-b33a19416266	{"action":"token_revoked","actor_id":"0d78dfe9-27d2-4c22-b59e-293db5ad93f0","actor_username":"vultejufya@gufum.com","actor_via_sso":false,"log_type":"token"}	2024-11-28 14:32:51.643249+00	
00000000-0000-0000-0000-000000000000	8b2c6d16-259f-4a8e-89c5-08fb5616a7b5	{"action":"token_refreshed","actor_id":"0d78dfe9-27d2-4c22-b59e-293db5ad93f0","actor_username":"vultejufya@gufum.com","actor_via_sso":false,"log_type":"token"}	2024-11-28 15:31:04.687074+00	
00000000-0000-0000-0000-000000000000	61328b7b-d6ff-4fda-999c-f3e4ad37001e	{"action":"token_revoked","actor_id":"0d78dfe9-27d2-4c22-b59e-293db5ad93f0","actor_username":"vultejufya@gufum.com","actor_via_sso":false,"log_type":"token"}	2024-11-28 15:31:04.692187+00	
00000000-0000-0000-0000-000000000000	d22b802a-3f4a-4820-a4f3-c532cd546ac0	{"action":"token_refreshed","actor_id":"0d78dfe9-27d2-4c22-b59e-293db5ad93f0","actor_username":"vultejufya@gufum.com","actor_via_sso":false,"log_type":"token"}	2024-11-28 16:39:17.243478+00	
00000000-0000-0000-0000-000000000000	e554c0b0-cb8e-4eaf-ad5c-a4dda410dd23	{"action":"token_revoked","actor_id":"0d78dfe9-27d2-4c22-b59e-293db5ad93f0","actor_username":"vultejufya@gufum.com","actor_via_sso":false,"log_type":"token"}	2024-11-28 16:39:17.246492+00	
00000000-0000-0000-0000-000000000000	bce4c5f8-9988-4acb-929c-9bd1ec9e4a7b	{"action":"token_refreshed","actor_id":"0d78dfe9-27d2-4c22-b59e-293db5ad93f0","actor_username":"vultejufya@gufum.com","actor_via_sso":false,"log_type":"token"}	2024-11-28 18:13:57.373698+00	
00000000-0000-0000-0000-000000000000	8033acd4-5743-4828-b912-718d0afabf83	{"action":"token_revoked","actor_id":"0d78dfe9-27d2-4c22-b59e-293db5ad93f0","actor_username":"vultejufya@gufum.com","actor_via_sso":false,"log_type":"token"}	2024-11-28 18:13:57.376067+00	
00000000-0000-0000-0000-000000000000	7462f3b6-9b4e-47f3-b876-e1092556fed9	{"action":"token_refreshed","actor_id":"0d78dfe9-27d2-4c22-b59e-293db5ad93f0","actor_username":"vultejufya@gufum.com","actor_via_sso":false,"log_type":"token"}	2024-11-28 19:12:12.111042+00	
00000000-0000-0000-0000-000000000000	f4e5f0b1-a281-4b52-96d7-8b67dc84209e	{"action":"token_revoked","actor_id":"0d78dfe9-27d2-4c22-b59e-293db5ad93f0","actor_username":"vultejufya@gufum.com","actor_via_sso":false,"log_type":"token"}	2024-11-28 19:12:12.125377+00	
00000000-0000-0000-0000-000000000000	807f5f0f-0500-4f5f-8ba5-a18ebe6bb825	{"action":"token_refreshed","actor_id":"0d78dfe9-27d2-4c22-b59e-293db5ad93f0","actor_username":"vultejufya@gufum.com","actor_via_sso":false,"log_type":"token"}	2024-11-28 20:10:20.646814+00	
00000000-0000-0000-0000-000000000000	48a214e5-250b-44df-ae5c-2055d0f034b7	{"action":"token_revoked","actor_id":"0d78dfe9-27d2-4c22-b59e-293db5ad93f0","actor_username":"vultejufya@gufum.com","actor_via_sso":false,"log_type":"token"}	2024-11-28 20:10:20.648885+00	
00000000-0000-0000-0000-000000000000	529e06ed-58b3-4131-90af-3eff7a6f067d	{"action":"token_refreshed","actor_id":"0d78dfe9-27d2-4c22-b59e-293db5ad93f0","actor_username":"vultejufya@gufum.com","actor_via_sso":false,"log_type":"token"}	2024-11-29 13:48:09.486841+00	
00000000-0000-0000-0000-000000000000	1bc9f2a8-340c-41ef-baad-2ee8484715c9	{"action":"token_revoked","actor_id":"0d78dfe9-27d2-4c22-b59e-293db5ad93f0","actor_username":"vultejufya@gufum.com","actor_via_sso":false,"log_type":"token"}	2024-11-29 13:48:09.511353+00	
00000000-0000-0000-0000-000000000000	0edb44cf-3bad-4caa-a181-9210fd4290b5	{"action":"token_refreshed","actor_id":"0d78dfe9-27d2-4c22-b59e-293db5ad93f0","actor_username":"vultejufya@gufum.com","actor_via_sso":false,"log_type":"token"}	2024-11-29 15:09:15.213456+00	
00000000-0000-0000-0000-000000000000	c04314b8-f61b-4f43-9331-4f7bfc04b262	{"action":"token_revoked","actor_id":"0d78dfe9-27d2-4c22-b59e-293db5ad93f0","actor_username":"vultejufya@gufum.com","actor_via_sso":false,"log_type":"token"}	2024-11-29 15:09:15.223415+00	
00000000-0000-0000-0000-000000000000	d2bda5f0-519e-411d-8e32-cc840349a2ea	{"action":"token_refreshed","actor_id":"0d78dfe9-27d2-4c22-b59e-293db5ad93f0","actor_username":"vultejufya@gufum.com","actor_via_sso":false,"log_type":"token"}	2024-11-29 16:15:54.287567+00	
00000000-0000-0000-0000-000000000000	3a950968-fa0b-4fe4-9baf-26a856b4e20c	{"action":"token_revoked","actor_id":"0d78dfe9-27d2-4c22-b59e-293db5ad93f0","actor_username":"vultejufya@gufum.com","actor_via_sso":false,"log_type":"token"}	2024-11-29 16:15:54.290979+00	
00000000-0000-0000-0000-000000000000	610e7c56-0e8e-4a01-8cec-c274fc6c6da3	{"action":"token_refreshed","actor_id":"0d78dfe9-27d2-4c22-b59e-293db5ad93f0","actor_username":"vultejufya@gufum.com","actor_via_sso":false,"log_type":"token"}	2024-11-29 17:14:17.065229+00	
00000000-0000-0000-0000-000000000000	96ec7059-d303-42e8-949e-71cb4c7bce93	{"action":"token_revoked","actor_id":"0d78dfe9-27d2-4c22-b59e-293db5ad93f0","actor_username":"vultejufya@gufum.com","actor_via_sso":false,"log_type":"token"}	2024-11-29 17:14:17.066597+00	
00000000-0000-0000-0000-000000000000	1ec05fc9-9eac-4431-a38e-a593826a04c1	{"action":"token_refreshed","actor_id":"0d78dfe9-27d2-4c22-b59e-293db5ad93f0","actor_username":"vultejufya@gufum.com","actor_via_sso":false,"log_type":"token"}	2024-11-29 18:12:46.496024+00	
00000000-0000-0000-0000-000000000000	95427fa2-4bee-4d50-910b-812a1b56f54a	{"action":"token_revoked","actor_id":"0d78dfe9-27d2-4c22-b59e-293db5ad93f0","actor_username":"vultejufya@gufum.com","actor_via_sso":false,"log_type":"token"}	2024-11-29 18:12:46.499274+00	
00000000-0000-0000-0000-000000000000	6e8b05e8-63e5-4c21-92b7-098d067b04cd	{"action":"token_refreshed","actor_id":"0d78dfe9-27d2-4c22-b59e-293db5ad93f0","actor_username":"vultejufya@gufum.com","actor_via_sso":false,"log_type":"token"}	2024-11-29 19:11:37.875319+00	
00000000-0000-0000-0000-000000000000	4355daa3-a769-4bcf-a060-a7027f51ceec	{"action":"token_revoked","actor_id":"0d78dfe9-27d2-4c22-b59e-293db5ad93f0","actor_username":"vultejufya@gufum.com","actor_via_sso":false,"log_type":"token"}	2024-11-29 19:11:37.876297+00	
00000000-0000-0000-0000-000000000000	a4baaeec-5521-4b74-ae07-385fd7197a1b	{"action":"token_refreshed","actor_id":"0d78dfe9-27d2-4c22-b59e-293db5ad93f0","actor_username":"vultejufya@gufum.com","actor_via_sso":false,"log_type":"token"}	2024-11-29 20:09:55.745055+00	
00000000-0000-0000-0000-000000000000	c6293dd0-29ad-44f6-9b60-f44476538edd	{"action":"token_revoked","actor_id":"0d78dfe9-27d2-4c22-b59e-293db5ad93f0","actor_username":"vultejufya@gufum.com","actor_via_sso":false,"log_type":"token"}	2024-11-29 20:09:55.747382+00	
00000000-0000-0000-0000-000000000000	2d18d534-bf2c-4266-aebb-e08fc6148999	{"action":"token_refreshed","actor_id":"0d78dfe9-27d2-4c22-b59e-293db5ad93f0","actor_username":"vultejufya@gufum.com","actor_via_sso":false,"log_type":"token"}	2024-12-01 11:54:04.321327+00	
00000000-0000-0000-0000-000000000000	b26e2163-563e-402b-a6c1-ddccc043abd3	{"action":"token_revoked","actor_id":"0d78dfe9-27d2-4c22-b59e-293db5ad93f0","actor_username":"vultejufya@gufum.com","actor_via_sso":false,"log_type":"token"}	2024-12-01 11:54:04.336349+00	
00000000-0000-0000-0000-000000000000	52f6ea90-4b24-4df0-91ed-1d61e5db1ec3	{"action":"token_refreshed","actor_id":"0d78dfe9-27d2-4c22-b59e-293db5ad93f0","actor_username":"vultejufya@gufum.com","actor_via_sso":false,"log_type":"token"}	2024-12-01 12:52:12.338426+00	
00000000-0000-0000-0000-000000000000	c47fb21a-dba4-4ee9-bdbd-6e3b6b32b3b5	{"action":"token_revoked","actor_id":"0d78dfe9-27d2-4c22-b59e-293db5ad93f0","actor_username":"vultejufya@gufum.com","actor_via_sso":false,"log_type":"token"}	2024-12-01 12:52:12.340473+00	
00000000-0000-0000-0000-000000000000	5acacbcb-500c-4e88-ac55-81e3d62beda1	{"action":"token_refreshed","actor_id":"0d78dfe9-27d2-4c22-b59e-293db5ad93f0","actor_username":"vultejufya@gufum.com","actor_via_sso":false,"log_type":"token"}	2024-12-01 13:52:06.383381+00	
00000000-0000-0000-0000-000000000000	94f53d6e-f13c-4006-a935-e1568e8cb451	{"action":"token_revoked","actor_id":"0d78dfe9-27d2-4c22-b59e-293db5ad93f0","actor_username":"vultejufya@gufum.com","actor_via_sso":false,"log_type":"token"}	2024-12-01 13:52:06.38543+00	
00000000-0000-0000-0000-000000000000	68dbd4b5-559a-49ed-9464-f909350a9a80	{"action":"token_refreshed","actor_id":"0d78dfe9-27d2-4c22-b59e-293db5ad93f0","actor_username":"vultejufya@gufum.com","actor_via_sso":false,"log_type":"token"}	2024-12-01 14:51:31.953504+00	
00000000-0000-0000-0000-000000000000	058e1670-aebf-4406-bd78-69d9779842c5	{"action":"token_revoked","actor_id":"0d78dfe9-27d2-4c22-b59e-293db5ad93f0","actor_username":"vultejufya@gufum.com","actor_via_sso":false,"log_type":"token"}	2024-12-01 14:51:31.957019+00	
00000000-0000-0000-0000-000000000000	9f9b36a2-ac9e-49d3-861c-29bc51e9dcbc	{"action":"token_refreshed","actor_id":"0d78dfe9-27d2-4c22-b59e-293db5ad93f0","actor_username":"vultejufya@gufum.com","actor_via_sso":false,"log_type":"token"}	2024-12-01 15:49:55.549405+00	
00000000-0000-0000-0000-000000000000	57ea391e-850a-472a-a8c4-bfe5528a6183	{"action":"token_revoked","actor_id":"0d78dfe9-27d2-4c22-b59e-293db5ad93f0","actor_username":"vultejufya@gufum.com","actor_via_sso":false,"log_type":"token"}	2024-12-01 15:49:55.560527+00	
00000000-0000-0000-0000-000000000000	244495d9-dc7d-4838-a41f-7cd7cf19d858	{"action":"token_refreshed","actor_id":"0d78dfe9-27d2-4c22-b59e-293db5ad93f0","actor_username":"vultejufya@gufum.com","actor_via_sso":false,"log_type":"token"}	2024-12-01 18:46:32.734717+00	
00000000-0000-0000-0000-000000000000	c1c2f3eb-fe19-4d91-902e-e3715eb60702	{"action":"token_revoked","actor_id":"0d78dfe9-27d2-4c22-b59e-293db5ad93f0","actor_username":"vultejufya@gufum.com","actor_via_sso":false,"log_type":"token"}	2024-12-01 18:46:32.737654+00	
00000000-0000-0000-0000-000000000000	1dfbbe63-0715-45dd-bb9c-6881da2d1931	{"action":"token_refreshed","actor_id":"0d78dfe9-27d2-4c22-b59e-293db5ad93f0","actor_username":"vultejufya@gufum.com","actor_via_sso":false,"log_type":"token"}	2024-12-02 15:24:53.497961+00	
00000000-0000-0000-0000-000000000000	edf5b7ec-ca77-45d4-9407-9d0be98f35fe	{"action":"token_revoked","actor_id":"0d78dfe9-27d2-4c22-b59e-293db5ad93f0","actor_username":"vultejufya@gufum.com","actor_via_sso":false,"log_type":"token"}	2024-12-02 15:24:53.516071+00	
00000000-0000-0000-0000-000000000000	865481f9-f9da-40b4-a609-229c6a2a300d	{"action":"token_refreshed","actor_id":"0d78dfe9-27d2-4c22-b59e-293db5ad93f0","actor_username":"vultejufya@gufum.com","actor_via_sso":false,"log_type":"token"}	2024-12-02 16:23:03.641334+00	
00000000-0000-0000-0000-000000000000	b1322d2d-aa68-4657-a1de-710da27b7e08	{"action":"token_revoked","actor_id":"0d78dfe9-27d2-4c22-b59e-293db5ad93f0","actor_username":"vultejufya@gufum.com","actor_via_sso":false,"log_type":"token"}	2024-12-02 16:23:03.643673+00	
00000000-0000-0000-0000-000000000000	a20afab0-451c-42bd-b04f-ffa85934f31d	{"action":"token_refreshed","actor_id":"0d78dfe9-27d2-4c22-b59e-293db5ad93f0","actor_username":"vultejufya@gufum.com","actor_via_sso":false,"log_type":"token"}	2024-12-03 07:21:09.124206+00	
00000000-0000-0000-0000-000000000000	a8376af6-cf4a-46fe-a3bb-dc6b623ba9c3	{"action":"token_revoked","actor_id":"0d78dfe9-27d2-4c22-b59e-293db5ad93f0","actor_username":"vultejufya@gufum.com","actor_via_sso":false,"log_type":"token"}	2024-12-03 07:21:09.137114+00	
00000000-0000-0000-0000-000000000000	2272bc90-f35c-407f-96de-86f23ce915cc	{"action":"token_refreshed","actor_id":"0d78dfe9-27d2-4c22-b59e-293db5ad93f0","actor_username":"vultejufya@gufum.com","actor_via_sso":false,"log_type":"token"}	2024-12-03 08:19:14.583829+00	
00000000-0000-0000-0000-000000000000	98388634-5862-410c-a41e-de341ee17b91	{"action":"token_revoked","actor_id":"0d78dfe9-27d2-4c22-b59e-293db5ad93f0","actor_username":"vultejufya@gufum.com","actor_via_sso":false,"log_type":"token"}	2024-12-03 08:19:14.588159+00	
00000000-0000-0000-0000-000000000000	151f1933-06ec-4250-82a5-1af43fb1422b	{"action":"token_refreshed","actor_id":"0d78dfe9-27d2-4c22-b59e-293db5ad93f0","actor_username":"vultejufya@gufum.com","actor_via_sso":false,"log_type":"token"}	2024-12-03 09:46:48.810469+00	
00000000-0000-0000-0000-000000000000	37c0336e-8b53-42d8-a94f-dbdef7a115c1	{"action":"token_revoked","actor_id":"0d78dfe9-27d2-4c22-b59e-293db5ad93f0","actor_username":"vultejufya@gufum.com","actor_via_sso":false,"log_type":"token"}	2024-12-03 09:46:48.812567+00	
00000000-0000-0000-0000-000000000000	de66c5d9-8397-44f6-a2cc-a10316cf5994	{"action":"token_refreshed","actor_id":"0d78dfe9-27d2-4c22-b59e-293db5ad93f0","actor_username":"vultejufya@gufum.com","actor_via_sso":false,"log_type":"token"}	2024-12-03 09:46:55.454249+00	
00000000-0000-0000-0000-000000000000	b0365035-600f-456b-bbe7-50c02d84f62f	{"action":"token_refreshed","actor_id":"0d78dfe9-27d2-4c22-b59e-293db5ad93f0","actor_username":"vultejufya@gufum.com","actor_via_sso":false,"log_type":"token"}	2024-12-03 10:47:15.104567+00	
00000000-0000-0000-0000-000000000000	85cfab33-6880-41f0-9eba-e6cfcf384173	{"action":"token_revoked","actor_id":"0d78dfe9-27d2-4c22-b59e-293db5ad93f0","actor_username":"vultejufya@gufum.com","actor_via_sso":false,"log_type":"token"}	2024-12-03 10:47:15.108905+00	
00000000-0000-0000-0000-000000000000	fd99f2bb-e39c-4919-9196-c6ade52a0d98	{"action":"token_refreshed","actor_id":"0d78dfe9-27d2-4c22-b59e-293db5ad93f0","actor_username":"vultejufya@gufum.com","actor_via_sso":false,"log_type":"token"}	2024-12-03 11:48:31.980284+00	
00000000-0000-0000-0000-000000000000	8a519398-e8a1-4a4e-ba28-84ac21268e12	{"action":"token_revoked","actor_id":"0d78dfe9-27d2-4c22-b59e-293db5ad93f0","actor_username":"vultejufya@gufum.com","actor_via_sso":false,"log_type":"token"}	2024-12-03 11:48:31.982752+00	
00000000-0000-0000-0000-000000000000	28375edf-fbc0-49f8-84d5-540eef5984ac	{"action":"token_refreshed","actor_id":"0d78dfe9-27d2-4c22-b59e-293db5ad93f0","actor_username":"vultejufya@gufum.com","actor_via_sso":false,"log_type":"token"}	2024-12-03 12:46:33.416288+00	
00000000-0000-0000-0000-000000000000	079181c0-1bb5-41ce-8b31-0c7e79fcc4a9	{"action":"token_revoked","actor_id":"0d78dfe9-27d2-4c22-b59e-293db5ad93f0","actor_username":"vultejufya@gufum.com","actor_via_sso":false,"log_type":"token"}	2024-12-03 12:46:33.417318+00	
00000000-0000-0000-0000-000000000000	1368a345-c530-40d1-8658-54e46520ef38	{"action":"token_refreshed","actor_id":"0d78dfe9-27d2-4c22-b59e-293db5ad93f0","actor_username":"vultejufya@gufum.com","actor_via_sso":false,"log_type":"token"}	2024-12-03 13:44:33.610809+00	
00000000-0000-0000-0000-000000000000	91c522bc-36ec-4a58-bf5f-f5e15d35d527	{"action":"token_revoked","actor_id":"0d78dfe9-27d2-4c22-b59e-293db5ad93f0","actor_username":"vultejufya@gufum.com","actor_via_sso":false,"log_type":"token"}	2024-12-03 13:44:33.613065+00	
00000000-0000-0000-0000-000000000000	90e67e9b-0226-4909-971a-397359b0c607	{"action":"token_refreshed","actor_id":"0d78dfe9-27d2-4c22-b59e-293db5ad93f0","actor_username":"vultejufya@gufum.com","actor_via_sso":false,"log_type":"token"}	2024-12-03 14:42:48.786437+00	
00000000-0000-0000-0000-000000000000	78be4d0f-3754-451f-87c5-5b346feb4fe8	{"action":"token_revoked","actor_id":"0d78dfe9-27d2-4c22-b59e-293db5ad93f0","actor_username":"vultejufya@gufum.com","actor_via_sso":false,"log_type":"token"}	2024-12-03 14:42:48.789579+00	
00000000-0000-0000-0000-000000000000	829800af-a9a5-479c-ad4e-245263ceb89f	{"action":"token_refreshed","actor_id":"0d78dfe9-27d2-4c22-b59e-293db5ad93f0","actor_username":"vultejufya@gufum.com","actor_via_sso":false,"log_type":"token"}	2024-12-03 15:50:34.696011+00	
00000000-0000-0000-0000-000000000000	8b8e8c26-cf4e-43b9-8e7e-2271ca3c797a	{"action":"token_revoked","actor_id":"0d78dfe9-27d2-4c22-b59e-293db5ad93f0","actor_username":"vultejufya@gufum.com","actor_via_sso":false,"log_type":"token"}	2024-12-03 15:50:34.697065+00	
00000000-0000-0000-0000-000000000000	7a61dbff-5725-4fed-81eb-c9b5b92b0b76	{"action":"token_refreshed","actor_id":"0d78dfe9-27d2-4c22-b59e-293db5ad93f0","actor_username":"vultejufya@gufum.com","actor_via_sso":false,"log_type":"token"}	2024-12-03 17:01:56.783931+00	
00000000-0000-0000-0000-000000000000	62470bb2-f3a5-46fe-824e-81231f2cab63	{"action":"token_revoked","actor_id":"0d78dfe9-27d2-4c22-b59e-293db5ad93f0","actor_username":"vultejufya@gufum.com","actor_via_sso":false,"log_type":"token"}	2024-12-03 17:01:56.786443+00	
00000000-0000-0000-0000-000000000000	1360b8d1-09cc-4e48-8c7a-fd611860bf44	{"action":"token_refreshed","actor_id":"0d78dfe9-27d2-4c22-b59e-293db5ad93f0","actor_username":"vultejufya@gufum.com","actor_via_sso":false,"log_type":"token"}	2024-12-03 18:14:45.754401+00	
00000000-0000-0000-0000-000000000000	bf067be4-820a-49d1-a3f8-5c7a0fc5b044	{"action":"token_revoked","actor_id":"0d78dfe9-27d2-4c22-b59e-293db5ad93f0","actor_username":"vultejufya@gufum.com","actor_via_sso":false,"log_type":"token"}	2024-12-03 18:14:45.756892+00	
00000000-0000-0000-0000-000000000000	dca3ade4-d280-4a98-938f-0fd6d33d3c38	{"action":"token_refreshed","actor_id":"0d78dfe9-27d2-4c22-b59e-293db5ad93f0","actor_username":"vultejufya@gufum.com","actor_via_sso":false,"log_type":"token"}	2024-12-03 19:56:35.940857+00	
00000000-0000-0000-0000-000000000000	4a0f6c9a-0bc5-4dcc-bad6-8e6023307a80	{"action":"token_revoked","actor_id":"0d78dfe9-27d2-4c22-b59e-293db5ad93f0","actor_username":"vultejufya@gufum.com","actor_via_sso":false,"log_type":"token"}	2024-12-03 19:56:35.942465+00	
00000000-0000-0000-0000-000000000000	76f543fe-634a-47d0-b532-314771d47da8	{"action":"token_refreshed","actor_id":"0d78dfe9-27d2-4c22-b59e-293db5ad93f0","actor_username":"vultejufya@gufum.com","actor_via_sso":false,"log_type":"token"}	2024-12-03 21:28:01.109233+00	
00000000-0000-0000-0000-000000000000	a123bb38-062c-4bff-9f0d-aa6b69df2946	{"action":"token_revoked","actor_id":"0d78dfe9-27d2-4c22-b59e-293db5ad93f0","actor_username":"vultejufya@gufum.com","actor_via_sso":false,"log_type":"token"}	2024-12-03 21:28:01.113169+00	
00000000-0000-0000-0000-000000000000	ac535e27-d1bc-45ef-89b8-decec57d0128	{"action":"token_refreshed","actor_id":"0d78dfe9-27d2-4c22-b59e-293db5ad93f0","actor_username":"vultejufya@gufum.com","actor_via_sso":false,"log_type":"token"}	2024-12-04 07:06:43.202754+00	
00000000-0000-0000-0000-000000000000	8d591e7c-65d1-4544-9bef-0408e252a0dc	{"action":"token_revoked","actor_id":"0d78dfe9-27d2-4c22-b59e-293db5ad93f0","actor_username":"vultejufya@gufum.com","actor_via_sso":false,"log_type":"token"}	2024-12-04 07:06:43.211424+00	
00000000-0000-0000-0000-000000000000	60dc6e7b-9a86-42a3-aa1f-7f1333c0f786	{"action":"token_refreshed","actor_id":"0d78dfe9-27d2-4c22-b59e-293db5ad93f0","actor_username":"vultejufya@gufum.com","actor_via_sso":false,"log_type":"token"}	2024-12-04 08:07:00.143134+00	
00000000-0000-0000-0000-000000000000	9febce25-eb35-4af1-b30d-d2d3f89cfedb	{"action":"token_revoked","actor_id":"0d78dfe9-27d2-4c22-b59e-293db5ad93f0","actor_username":"vultejufya@gufum.com","actor_via_sso":false,"log_type":"token"}	2024-12-04 08:07:00.146951+00	
00000000-0000-0000-0000-000000000000	625569ec-5333-4d8f-88d0-e85ff6d3cfe0	{"action":"token_refreshed","actor_id":"0d78dfe9-27d2-4c22-b59e-293db5ad93f0","actor_username":"vultejufya@gufum.com","actor_via_sso":false,"log_type":"token"}	2024-12-04 09:06:59.201762+00	
00000000-0000-0000-0000-000000000000	e8a78449-4590-44ef-a36b-8ce1b60c1808	{"action":"token_revoked","actor_id":"0d78dfe9-27d2-4c22-b59e-293db5ad93f0","actor_username":"vultejufya@gufum.com","actor_via_sso":false,"log_type":"token"}	2024-12-04 09:06:59.210491+00	
00000000-0000-0000-0000-000000000000	451fccb1-30ac-4526-bb08-468fac9a9cf4	{"action":"token_refreshed","actor_id":"0d78dfe9-27d2-4c22-b59e-293db5ad93f0","actor_username":"vultejufya@gufum.com","actor_via_sso":false,"log_type":"token"}	2024-12-04 10:04:59.898098+00	
00000000-0000-0000-0000-000000000000	5efccf63-fbd7-4299-8914-500cf56c0312	{"action":"token_revoked","actor_id":"0d78dfe9-27d2-4c22-b59e-293db5ad93f0","actor_username":"vultejufya@gufum.com","actor_via_sso":false,"log_type":"token"}	2024-12-04 10:04:59.900581+00	
00000000-0000-0000-0000-000000000000	50575723-603e-4353-86b7-34e435c2b8c6	{"action":"token_refreshed","actor_id":"0d78dfe9-27d2-4c22-b59e-293db5ad93f0","actor_username":"vultejufya@gufum.com","actor_via_sso":false,"log_type":"token"}	2024-12-04 12:08:17.631259+00	
00000000-0000-0000-0000-000000000000	a8930b43-eaa9-4f53-954c-622fc1cab547	{"action":"token_revoked","actor_id":"0d78dfe9-27d2-4c22-b59e-293db5ad93f0","actor_username":"vultejufya@gufum.com","actor_via_sso":false,"log_type":"token"}	2024-12-04 12:08:17.633241+00	
00000000-0000-0000-0000-000000000000	94ce6119-84a6-46b7-acb9-900ed3275b43	{"action":"token_refreshed","actor_id":"0d78dfe9-27d2-4c22-b59e-293db5ad93f0","actor_username":"vultejufya@gufum.com","actor_via_sso":false,"log_type":"token"}	2024-12-04 13:06:24.992115+00	
00000000-0000-0000-0000-000000000000	43e35d69-f937-43f3-a2dd-87e4a4074cd1	{"action":"token_revoked","actor_id":"0d78dfe9-27d2-4c22-b59e-293db5ad93f0","actor_username":"vultejufya@gufum.com","actor_via_sso":false,"log_type":"token"}	2024-12-04 13:06:24.995747+00	
00000000-0000-0000-0000-000000000000	0ee4e31a-f76a-4840-a28b-7a703e4f9e87	{"action":"token_refreshed","actor_id":"0d78dfe9-27d2-4c22-b59e-293db5ad93f0","actor_username":"vultejufya@gufum.com","actor_via_sso":false,"log_type":"token"}	2024-12-04 14:31:58.421346+00	
00000000-0000-0000-0000-000000000000	546b36a3-177d-4b5f-8c0f-e1683b56c2fe	{"action":"token_revoked","actor_id":"0d78dfe9-27d2-4c22-b59e-293db5ad93f0","actor_username":"vultejufya@gufum.com","actor_via_sso":false,"log_type":"token"}	2024-12-04 14:31:58.422302+00	
00000000-0000-0000-0000-000000000000	f7faeea9-ada7-417c-998d-dce3cb73c996	{"action":"token_refreshed","actor_id":"0d78dfe9-27d2-4c22-b59e-293db5ad93f0","actor_username":"vultejufya@gufum.com","actor_via_sso":false,"log_type":"token"}	2024-12-04 15:38:10.834302+00	
00000000-0000-0000-0000-000000000000	04f62837-35b1-43f4-85b1-1db85e3a4e4b	{"action":"token_revoked","actor_id":"0d78dfe9-27d2-4c22-b59e-293db5ad93f0","actor_username":"vultejufya@gufum.com","actor_via_sso":false,"log_type":"token"}	2024-12-04 15:38:10.837278+00	
00000000-0000-0000-0000-000000000000	0ac913d9-2681-4295-904d-f37bb41b538c	{"action":"token_refreshed","actor_id":"0d78dfe9-27d2-4c22-b59e-293db5ad93f0","actor_username":"vultejufya@gufum.com","actor_via_sso":false,"log_type":"token"}	2024-12-04 16:36:24.840886+00	
00000000-0000-0000-0000-000000000000	92fb8666-3762-4a98-bfc2-b3a46b0152e2	{"action":"token_revoked","actor_id":"0d78dfe9-27d2-4c22-b59e-293db5ad93f0","actor_username":"vultejufya@gufum.com","actor_via_sso":false,"log_type":"token"}	2024-12-04 16:36:24.843816+00	
00000000-0000-0000-0000-000000000000	dcbe2ebf-907a-40c1-9bc9-af3d4bc75abb	{"action":"token_refreshed","actor_id":"0d78dfe9-27d2-4c22-b59e-293db5ad93f0","actor_username":"vultejufya@gufum.com","actor_via_sso":false,"log_type":"token"}	2024-12-04 18:36:00.814528+00	
00000000-0000-0000-0000-000000000000	1bab24a3-f1da-4b7e-911c-4dc9c37a49f5	{"action":"token_revoked","actor_id":"0d78dfe9-27d2-4c22-b59e-293db5ad93f0","actor_username":"vultejufya@gufum.com","actor_via_sso":false,"log_type":"token"}	2024-12-04 18:36:00.816181+00	
00000000-0000-0000-0000-000000000000	7eb96144-6f43-42e7-9260-37d68c5fa1a5	{"action":"token_refreshed","actor_id":"0d78dfe9-27d2-4c22-b59e-293db5ad93f0","actor_username":"vultejufya@gufum.com","actor_via_sso":false,"log_type":"token"}	2024-12-05 12:01:08.229237+00	
00000000-0000-0000-0000-000000000000	cf281f09-f494-415b-baa7-3a470877eed0	{"action":"token_revoked","actor_id":"0d78dfe9-27d2-4c22-b59e-293db5ad93f0","actor_username":"vultejufya@gufum.com","actor_via_sso":false,"log_type":"token"}	2024-12-05 12:01:08.24693+00	
\.


--
-- Data for Name: flow_state; Type: TABLE DATA; Schema: auth; Owner: supabase_auth_admin
--

COPY auth.flow_state (id, user_id, auth_code, code_challenge_method, code_challenge, provider_type, provider_access_token, provider_refresh_token, created_at, updated_at, authentication_method, auth_code_issued_at) FROM stdin;
\.


--
-- Data for Name: identities; Type: TABLE DATA; Schema: auth; Owner: supabase_auth_admin
--

COPY auth.identities (provider_id, user_id, identity_data, provider, last_sign_in_at, created_at, updated_at, id) FROM stdin;
fc7506ef-3e8c-4642-9ded-9f2d16e0c4bc	fc7506ef-3e8c-4642-9ded-9f2d16e0c4bc	{"sub": "fc7506ef-3e8c-4642-9ded-9f2d16e0c4bc", "email": "kakito.bish@gmail.com", "email_verified": false, "phone_verified": false}	email	2024-11-22 16:23:16.57611+00	2024-11-22 16:23:16.576537+00	2024-11-22 16:23:16.576537+00	417542ca-6954-4275-8908-8d6c88a935e6
c1c5065d-8d7a-4b31-84b4-7565bbe9ee6b	c1c5065d-8d7a-4b31-84b4-7565bbe9ee6b	{"sub": "c1c5065d-8d7a-4b31-84b4-7565bbe9ee6b", "email": "koko.late@gmail.com", "avatar": "", "fullName": "Koko Late", "email_verified": false, "phone_verified": false}	email	2024-11-23 14:16:48.355996+00	2024-11-23 14:16:48.356049+00	2024-11-23 14:16:48.356049+00	ab592824-e12e-40c3-aa6b-c4146deff746
0d78dfe9-27d2-4c22-b59e-293db5ad93f0	0d78dfe9-27d2-4c22-b59e-293db5ad93f0	{"sub": "0d78dfe9-27d2-4c22-b59e-293db5ad93f0", "email": "vultejufya@gufum.com", "avatar": "", "fullName": "Vulte Jufya", "email_verified": false, "phone_verified": false}	email	2024-11-23 14:28:55.471316+00	2024-11-23 14:28:55.471382+00	2024-11-23 14:28:55.471382+00	0c128767-0000-4a19-9392-5943aac3f714
\.


--
-- Data for Name: instances; Type: TABLE DATA; Schema: auth; Owner: supabase_auth_admin
--

COPY auth.instances (id, uuid, raw_base_config, created_at, updated_at) FROM stdin;
\.


--
-- Data for Name: mfa_amr_claims; Type: TABLE DATA; Schema: auth; Owner: supabase_auth_admin
--

COPY auth.mfa_amr_claims (session_id, created_at, updated_at, authentication_method, id) FROM stdin;
e7ab204f-7228-4bf1-ae26-5ad2c4a2322e	2024-11-23 16:18:56.791496+00	2024-11-23 16:18:56.791496+00	password	650a8611-e010-4f82-9323-7446ec5b821e
\.


--
-- Data for Name: mfa_challenges; Type: TABLE DATA; Schema: auth; Owner: supabase_auth_admin
--

COPY auth.mfa_challenges (id, factor_id, created_at, verified_at, ip_address, otp_code, web_authn_session_data) FROM stdin;
\.


--
-- Data for Name: mfa_factors; Type: TABLE DATA; Schema: auth; Owner: supabase_auth_admin
--

COPY auth.mfa_factors (id, user_id, friendly_name, factor_type, status, created_at, updated_at, secret, phone, last_challenged_at, web_authn_credential, web_authn_aaguid) FROM stdin;
\.


--
-- Data for Name: one_time_tokens; Type: TABLE DATA; Schema: auth; Owner: supabase_auth_admin
--

COPY auth.one_time_tokens (id, user_id, token_type, token_hash, relates_to, created_at, updated_at) FROM stdin;
\.


--
-- Data for Name: refresh_tokens; Type: TABLE DATA; Schema: auth; Owner: supabase_auth_admin
--

COPY auth.refresh_tokens (instance_id, id, token, user_id, revoked, created_at, updated_at, parent, session_id) FROM stdin;
00000000-0000-0000-0000-000000000000	50	iEosVdrHEuNdP_1gpPN4rg	0d78dfe9-27d2-4c22-b59e-293db5ad93f0	t	2024-11-28 11:20:01.592145+00	2024-11-28 12:18:16.144078+00	vvIiKPCioveSLX5CMiVuVA	e7ab204f-7228-4bf1-ae26-5ad2c4a2322e
00000000-0000-0000-0000-000000000000	51	B0uU2eE8Cb7uxkGNrSXbwA	0d78dfe9-27d2-4c22-b59e-293db5ad93f0	t	2024-11-28 12:18:16.147451+00	2024-11-28 13:30:28.208067+00	iEosVdrHEuNdP_1gpPN4rg	e7ab204f-7228-4bf1-ae26-5ad2c4a2322e
00000000-0000-0000-0000-000000000000	52	BSJCaoWHqxN5vgp9KiIYzg	0d78dfe9-27d2-4c22-b59e-293db5ad93f0	t	2024-11-28 13:30:28.209492+00	2024-11-28 14:32:51.643871+00	B0uU2eE8Cb7uxkGNrSXbwA	e7ab204f-7228-4bf1-ae26-5ad2c4a2322e
00000000-0000-0000-0000-000000000000	53	ACyVDs7WIOB4OXSlXi5W8A	0d78dfe9-27d2-4c22-b59e-293db5ad93f0	t	2024-11-28 14:32:51.645061+00	2024-11-28 15:31:04.692872+00	BSJCaoWHqxN5vgp9KiIYzg	e7ab204f-7228-4bf1-ae26-5ad2c4a2322e
00000000-0000-0000-0000-000000000000	54	Qaa8IBGV8Ox1VVkk9KNkjQ	0d78dfe9-27d2-4c22-b59e-293db5ad93f0	t	2024-11-28 15:31:04.694331+00	2024-11-28 16:39:17.247028+00	ACyVDs7WIOB4OXSlXi5W8A	e7ab204f-7228-4bf1-ae26-5ad2c4a2322e
00000000-0000-0000-0000-000000000000	55	HXOMvIyYWAWeZOOaSvPFaQ	0d78dfe9-27d2-4c22-b59e-293db5ad93f0	t	2024-11-28 16:39:17.249412+00	2024-11-28 18:13:57.376656+00	Qaa8IBGV8Ox1VVkk9KNkjQ	e7ab204f-7228-4bf1-ae26-5ad2c4a2322e
00000000-0000-0000-0000-000000000000	56	uI7qL-FaySffFI87KU94CQ	0d78dfe9-27d2-4c22-b59e-293db5ad93f0	t	2024-11-28 18:13:57.378591+00	2024-11-28 19:12:12.125991+00	HXOMvIyYWAWeZOOaSvPFaQ	e7ab204f-7228-4bf1-ae26-5ad2c4a2322e
00000000-0000-0000-0000-000000000000	57	mSMZ3XvO5O0OIqV_Lo8OEQ	0d78dfe9-27d2-4c22-b59e-293db5ad93f0	t	2024-11-28 19:12:12.136165+00	2024-11-28 20:10:20.649424+00	uI7qL-FaySffFI87KU94CQ	e7ab204f-7228-4bf1-ae26-5ad2c4a2322e
00000000-0000-0000-0000-000000000000	58	wFaluXU6Bz3-4fbvkMr9yQ	0d78dfe9-27d2-4c22-b59e-293db5ad93f0	t	2024-11-28 20:10:20.651512+00	2024-11-29 13:48:09.512815+00	mSMZ3XvO5O0OIqV_Lo8OEQ	e7ab204f-7228-4bf1-ae26-5ad2c4a2322e
00000000-0000-0000-0000-000000000000	59	sSYj8Bel20EQT879iWXWTQ	0d78dfe9-27d2-4c22-b59e-293db5ad93f0	t	2024-11-29 13:48:09.528533+00	2024-11-29 15:09:15.224054+00	wFaluXU6Bz3-4fbvkMr9yQ	e7ab204f-7228-4bf1-ae26-5ad2c4a2322e
00000000-0000-0000-0000-000000000000	60	BZuMOP8FxWzZGoGVaw4cLg	0d78dfe9-27d2-4c22-b59e-293db5ad93f0	t	2024-11-29 15:09:15.227108+00	2024-11-29 16:15:54.291518+00	sSYj8Bel20EQT879iWXWTQ	e7ab204f-7228-4bf1-ae26-5ad2c4a2322e
00000000-0000-0000-0000-000000000000	61	JhM8dA0BDH_6ih8glxAF3g	0d78dfe9-27d2-4c22-b59e-293db5ad93f0	t	2024-11-29 16:15:54.297372+00	2024-11-29 17:14:17.067132+00	BZuMOP8FxWzZGoGVaw4cLg	e7ab204f-7228-4bf1-ae26-5ad2c4a2322e
00000000-0000-0000-0000-000000000000	20	y_zGGQz8ORr6Lf70n8l8RQ	0d78dfe9-27d2-4c22-b59e-293db5ad93f0	t	2024-11-23 16:18:56.789369+00	2024-11-24 06:16:53.079912+00	\N	e7ab204f-7228-4bf1-ae26-5ad2c4a2322e
00000000-0000-0000-0000-000000000000	21	bqlgd1akXzs7Wkhwo8h2eA	0d78dfe9-27d2-4c22-b59e-293db5ad93f0	t	2024-11-24 06:16:53.086127+00	2024-11-24 08:22:43.316512+00	y_zGGQz8ORr6Lf70n8l8RQ	e7ab204f-7228-4bf1-ae26-5ad2c4a2322e
00000000-0000-0000-0000-000000000000	62	yd4ueCwAQT3ach_KeZzaEQ	0d78dfe9-27d2-4c22-b59e-293db5ad93f0	t	2024-11-29 17:14:17.069553+00	2024-11-29 18:12:46.500015+00	JhM8dA0BDH_6ih8glxAF3g	e7ab204f-7228-4bf1-ae26-5ad2c4a2322e
00000000-0000-0000-0000-000000000000	22	hR0d9FoI-FvnuvVQ4QlZKA	0d78dfe9-27d2-4c22-b59e-293db5ad93f0	t	2024-11-24 08:22:43.319248+00	2024-11-24 09:34:05.580294+00	bqlgd1akXzs7Wkhwo8h2eA	e7ab204f-7228-4bf1-ae26-5ad2c4a2322e
00000000-0000-0000-0000-000000000000	23	LAnYzVkmMfCVIFWHDRWFIA	0d78dfe9-27d2-4c22-b59e-293db5ad93f0	t	2024-11-24 09:34:05.581773+00	2024-11-24 10:32:08.864428+00	hR0d9FoI-FvnuvVQ4QlZKA	e7ab204f-7228-4bf1-ae26-5ad2c4a2322e
00000000-0000-0000-0000-000000000000	63	4Hv6ykRGFyYv2k6PcoaAKg	0d78dfe9-27d2-4c22-b59e-293db5ad93f0	t	2024-11-29 18:12:46.502325+00	2024-11-29 19:11:37.876946+00	yd4ueCwAQT3ach_KeZzaEQ	e7ab204f-7228-4bf1-ae26-5ad2c4a2322e
00000000-0000-0000-0000-000000000000	24	OGu7qDDUdPN0CTKh1kzFyQ	0d78dfe9-27d2-4c22-b59e-293db5ad93f0	t	2024-11-24 10:32:08.865812+00	2024-11-24 11:30:13.62799+00	LAnYzVkmMfCVIFWHDRWFIA	e7ab204f-7228-4bf1-ae26-5ad2c4a2322e
00000000-0000-0000-0000-000000000000	25	Depoq1DPFa9RQVbygE5b1A	0d78dfe9-27d2-4c22-b59e-293db5ad93f0	t	2024-11-24 11:30:13.628661+00	2024-11-24 12:28:33.747301+00	OGu7qDDUdPN0CTKh1kzFyQ	e7ab204f-7228-4bf1-ae26-5ad2c4a2322e
00000000-0000-0000-0000-000000000000	64	8vEsy3W-PdTPq2kvRNkxiA	0d78dfe9-27d2-4c22-b59e-293db5ad93f0	t	2024-11-29 19:11:37.879132+00	2024-11-29 20:09:55.747977+00	4Hv6ykRGFyYv2k6PcoaAKg	e7ab204f-7228-4bf1-ae26-5ad2c4a2322e
00000000-0000-0000-0000-000000000000	26	UlLgJXv6pPY8E-H-oTOSGQ	0d78dfe9-27d2-4c22-b59e-293db5ad93f0	t	2024-11-24 12:28:33.74969+00	2024-11-24 13:26:34.212141+00	Depoq1DPFa9RQVbygE5b1A	e7ab204f-7228-4bf1-ae26-5ad2c4a2322e
00000000-0000-0000-0000-000000000000	27	ZYzPBe8bbPbR_IbsxIuRvg	0d78dfe9-27d2-4c22-b59e-293db5ad93f0	t	2024-11-24 13:26:34.213566+00	2024-11-24 14:56:23.100519+00	UlLgJXv6pPY8E-H-oTOSGQ	e7ab204f-7228-4bf1-ae26-5ad2c4a2322e
00000000-0000-0000-0000-000000000000	28	3G1gtzXKazrOJMCGfjcWzQ	0d78dfe9-27d2-4c22-b59e-293db5ad93f0	t	2024-11-24 14:56:23.101984+00	2024-11-24 15:54:25.738199+00	ZYzPBe8bbPbR_IbsxIuRvg	e7ab204f-7228-4bf1-ae26-5ad2c4a2322e
00000000-0000-0000-0000-000000000000	29	BmGpJKho9S2FvCiomM1C9Q	0d78dfe9-27d2-4c22-b59e-293db5ad93f0	t	2024-11-24 15:54:25.739748+00	2024-11-24 16:52:31.933394+00	3G1gtzXKazrOJMCGfjcWzQ	e7ab204f-7228-4bf1-ae26-5ad2c4a2322e
00000000-0000-0000-0000-000000000000	30	6hGhFzQd_4a3oOVNNha8jQ	0d78dfe9-27d2-4c22-b59e-293db5ad93f0	t	2024-11-24 16:52:31.93494+00	2024-11-25 11:10:20.897407+00	BmGpJKho9S2FvCiomM1C9Q	e7ab204f-7228-4bf1-ae26-5ad2c4a2322e
00000000-0000-0000-0000-000000000000	31	wyfmGTsdVlJInXgBSz321w	0d78dfe9-27d2-4c22-b59e-293db5ad93f0	t	2024-11-25 11:10:20.907027+00	2024-11-25 12:08:49.516862+00	6hGhFzQd_4a3oOVNNha8jQ	e7ab204f-7228-4bf1-ae26-5ad2c4a2322e
00000000-0000-0000-0000-000000000000	32	NaCC81xy7VeLs0EPzphrZA	0d78dfe9-27d2-4c22-b59e-293db5ad93f0	t	2024-11-25 12:08:49.520157+00	2024-11-25 13:07:03.331067+00	wyfmGTsdVlJInXgBSz321w	e7ab204f-7228-4bf1-ae26-5ad2c4a2322e
00000000-0000-0000-0000-000000000000	33	-3_9KO0Hw9BE23oNmWMXcA	0d78dfe9-27d2-4c22-b59e-293db5ad93f0	t	2024-11-25 13:07:03.333203+00	2024-11-25 14:06:41.677949+00	NaCC81xy7VeLs0EPzphrZA	e7ab204f-7228-4bf1-ae26-5ad2c4a2322e
00000000-0000-0000-0000-000000000000	34	v3P83xcu0w6qTychuuqYTw	0d78dfe9-27d2-4c22-b59e-293db5ad93f0	t	2024-11-25 14:06:41.680031+00	2024-11-25 15:06:50.647857+00	-3_9KO0Hw9BE23oNmWMXcA	e7ab204f-7228-4bf1-ae26-5ad2c4a2322e
00000000-0000-0000-0000-000000000000	35	2Hp4pjgf-bpNhWpcGZZPdA	0d78dfe9-27d2-4c22-b59e-293db5ad93f0	t	2024-11-25 15:06:50.649885+00	2024-11-25 16:04:53.210869+00	v3P83xcu0w6qTychuuqYTw	e7ab204f-7228-4bf1-ae26-5ad2c4a2322e
00000000-0000-0000-0000-000000000000	36	EcJC5iD3oF_rKR3IvDM0WA	0d78dfe9-27d2-4c22-b59e-293db5ad93f0	t	2024-11-25 16:04:53.216914+00	2024-11-25 17:02:57.89121+00	2Hp4pjgf-bpNhWpcGZZPdA	e7ab204f-7228-4bf1-ae26-5ad2c4a2322e
00000000-0000-0000-0000-000000000000	37	90_sTck2BlcmlTDtFGhESw	0d78dfe9-27d2-4c22-b59e-293db5ad93f0	t	2024-11-25 17:02:57.892445+00	2024-11-25 19:09:50.425008+00	EcJC5iD3oF_rKR3IvDM0WA	e7ab204f-7228-4bf1-ae26-5ad2c4a2322e
00000000-0000-0000-0000-000000000000	38	M2Ck-pP7NgpOz57MTldLZw	0d78dfe9-27d2-4c22-b59e-293db5ad93f0	t	2024-11-25 19:09:50.426228+00	2024-11-26 08:01:17.379658+00	90_sTck2BlcmlTDtFGhESw	e7ab204f-7228-4bf1-ae26-5ad2c4a2322e
00000000-0000-0000-0000-000000000000	39	4nIxV_qHmR1SVhu_-KpmLg	0d78dfe9-27d2-4c22-b59e-293db5ad93f0	t	2024-11-26 08:01:17.390985+00	2024-11-26 08:59:34.198776+00	M2Ck-pP7NgpOz57MTldLZw	e7ab204f-7228-4bf1-ae26-5ad2c4a2322e
00000000-0000-0000-0000-000000000000	40	6eoPwhC0f8ycqewDKBEREw	0d78dfe9-27d2-4c22-b59e-293db5ad93f0	t	2024-11-26 08:59:34.20432+00	2024-11-26 10:28:04.501119+00	4nIxV_qHmR1SVhu_-KpmLg	e7ab204f-7228-4bf1-ae26-5ad2c4a2322e
00000000-0000-0000-0000-000000000000	41	qef9rznfne_Bg6ie8Xp-dQ	0d78dfe9-27d2-4c22-b59e-293db5ad93f0	t	2024-11-26 10:28:04.503895+00	2024-11-26 12:45:59.109121+00	6eoPwhC0f8ycqewDKBEREw	e7ab204f-7228-4bf1-ae26-5ad2c4a2322e
00000000-0000-0000-0000-000000000000	42	hTNhjhYhcjkIH_DMcnWgYg	0d78dfe9-27d2-4c22-b59e-293db5ad93f0	t	2024-11-26 12:45:59.118254+00	2024-11-26 14:11:05.944527+00	qef9rznfne_Bg6ie8Xp-dQ	e7ab204f-7228-4bf1-ae26-5ad2c4a2322e
00000000-0000-0000-0000-000000000000	43	ALznh2TLyqGuFzzzGSnh6A	0d78dfe9-27d2-4c22-b59e-293db5ad93f0	t	2024-11-26 14:11:05.952385+00	2024-11-26 15:09:15.762165+00	hTNhjhYhcjkIH_DMcnWgYg	e7ab204f-7228-4bf1-ae26-5ad2c4a2322e
00000000-0000-0000-0000-000000000000	44	292i2_sUoe6mxvp6m01hmw	0d78dfe9-27d2-4c22-b59e-293db5ad93f0	t	2024-11-26 15:09:15.76777+00	2024-11-26 18:29:38.299429+00	ALznh2TLyqGuFzzzGSnh6A	e7ab204f-7228-4bf1-ae26-5ad2c4a2322e
00000000-0000-0000-0000-000000000000	45	WvGIdEiQwOw_ufU1_vDQpA	0d78dfe9-27d2-4c22-b59e-293db5ad93f0	t	2024-11-26 18:29:38.307929+00	2024-11-27 15:15:56.350175+00	292i2_sUoe6mxvp6m01hmw	e7ab204f-7228-4bf1-ae26-5ad2c4a2322e
00000000-0000-0000-0000-000000000000	46	HvHXmSq22za0UWQ305PI0w	0d78dfe9-27d2-4c22-b59e-293db5ad93f0	t	2024-11-27 15:15:56.363593+00	2024-11-27 19:38:25.19539+00	WvGIdEiQwOw_ufU1_vDQpA	e7ab204f-7228-4bf1-ae26-5ad2c4a2322e
00000000-0000-0000-0000-000000000000	47	uLn5Jw2A40ZJcpa2V25xEQ	0d78dfe9-27d2-4c22-b59e-293db5ad93f0	t	2024-11-27 19:38:25.201113+00	2024-11-27 20:36:51.264702+00	HvHXmSq22za0UWQ305PI0w	e7ab204f-7228-4bf1-ae26-5ad2c4a2322e
00000000-0000-0000-0000-000000000000	48	xwoTFSLbe5TCICirUXwVJg	0d78dfe9-27d2-4c22-b59e-293db5ad93f0	t	2024-11-27 20:36:51.269568+00	2024-11-28 10:08:43.864707+00	uLn5Jw2A40ZJcpa2V25xEQ	e7ab204f-7228-4bf1-ae26-5ad2c4a2322e
00000000-0000-0000-0000-000000000000	49	vvIiKPCioveSLX5CMiVuVA	0d78dfe9-27d2-4c22-b59e-293db5ad93f0	t	2024-11-28 10:08:43.878284+00	2024-11-28 11:20:01.588928+00	xwoTFSLbe5TCICirUXwVJg	e7ab204f-7228-4bf1-ae26-5ad2c4a2322e
00000000-0000-0000-0000-000000000000	65	tJR5PDX8eR7koyz3bVGLRg	0d78dfe9-27d2-4c22-b59e-293db5ad93f0	t	2024-11-29 20:09:55.749782+00	2024-12-01 11:54:04.33738+00	8vEsy3W-PdTPq2kvRNkxiA	e7ab204f-7228-4bf1-ae26-5ad2c4a2322e
00000000-0000-0000-0000-000000000000	66	_-oV1g6oi8uZf17gUGtA2g	0d78dfe9-27d2-4c22-b59e-293db5ad93f0	t	2024-12-01 11:54:04.348402+00	2024-12-01 12:52:12.341039+00	tJR5PDX8eR7koyz3bVGLRg	e7ab204f-7228-4bf1-ae26-5ad2c4a2322e
00000000-0000-0000-0000-000000000000	67	s_oSEJnCC_-USqQCO2bNTQ	0d78dfe9-27d2-4c22-b59e-293db5ad93f0	t	2024-12-01 12:52:12.342568+00	2024-12-01 13:52:06.385953+00	_-oV1g6oi8uZf17gUGtA2g	e7ab204f-7228-4bf1-ae26-5ad2c4a2322e
00000000-0000-0000-0000-000000000000	68	FvAowETBBxiubxoidU1wMQ	0d78dfe9-27d2-4c22-b59e-293db5ad93f0	t	2024-12-01 13:52:06.388353+00	2024-12-01 14:51:31.95772+00	s_oSEJnCC_-USqQCO2bNTQ	e7ab204f-7228-4bf1-ae26-5ad2c4a2322e
00000000-0000-0000-0000-000000000000	69	GWc2K-Q_DivdTiyxg69uaQ	0d78dfe9-27d2-4c22-b59e-293db5ad93f0	t	2024-12-01 14:51:31.960215+00	2024-12-01 15:49:55.561167+00	FvAowETBBxiubxoidU1wMQ	e7ab204f-7228-4bf1-ae26-5ad2c4a2322e
00000000-0000-0000-0000-000000000000	70	U-_pvTlTOI21EGuH73KT1g	0d78dfe9-27d2-4c22-b59e-293db5ad93f0	t	2024-12-01 15:49:55.568705+00	2024-12-01 18:46:32.738214+00	GWc2K-Q_DivdTiyxg69uaQ	e7ab204f-7228-4bf1-ae26-5ad2c4a2322e
00000000-0000-0000-0000-000000000000	71	b8MOv2EKeajE2v4hLzYEyg	0d78dfe9-27d2-4c22-b59e-293db5ad93f0	t	2024-12-01 18:46:32.740743+00	2024-12-02 15:24:53.517089+00	U-_pvTlTOI21EGuH73KT1g	e7ab204f-7228-4bf1-ae26-5ad2c4a2322e
00000000-0000-0000-0000-000000000000	72	OR3Wriy11QyO3O7w-6VHmg	0d78dfe9-27d2-4c22-b59e-293db5ad93f0	t	2024-12-02 15:24:53.52692+00	2024-12-02 16:23:03.644256+00	b8MOv2EKeajE2v4hLzYEyg	e7ab204f-7228-4bf1-ae26-5ad2c4a2322e
00000000-0000-0000-0000-000000000000	73	z0ES-64iuNFW3bpIBMzUfg	0d78dfe9-27d2-4c22-b59e-293db5ad93f0	t	2024-12-02 16:23:03.646455+00	2024-12-03 07:21:09.138284+00	OR3Wriy11QyO3O7w-6VHmg	e7ab204f-7228-4bf1-ae26-5ad2c4a2322e
00000000-0000-0000-0000-000000000000	74	LdHIi_ShmpfbJ_AP3nJRXA	0d78dfe9-27d2-4c22-b59e-293db5ad93f0	t	2024-12-03 07:21:09.146436+00	2024-12-03 08:19:14.588728+00	z0ES-64iuNFW3bpIBMzUfg	e7ab204f-7228-4bf1-ae26-5ad2c4a2322e
00000000-0000-0000-0000-000000000000	75	JeprKa86iVomLPFlPcHapA	0d78dfe9-27d2-4c22-b59e-293db5ad93f0	t	2024-12-03 08:19:14.594534+00	2024-12-03 09:46:48.813813+00	LdHIi_ShmpfbJ_AP3nJRXA	e7ab204f-7228-4bf1-ae26-5ad2c4a2322e
00000000-0000-0000-0000-000000000000	76	sclVkIAFg2914fC1NOKiJQ	0d78dfe9-27d2-4c22-b59e-293db5ad93f0	t	2024-12-03 09:46:48.816092+00	2024-12-03 10:47:15.109593+00	JeprKa86iVomLPFlPcHapA	e7ab204f-7228-4bf1-ae26-5ad2c4a2322e
00000000-0000-0000-0000-000000000000	77	VvrAk6fbnjS0Abn5hcfABg	0d78dfe9-27d2-4c22-b59e-293db5ad93f0	t	2024-12-03 10:47:15.112987+00	2024-12-03 11:48:31.983339+00	sclVkIAFg2914fC1NOKiJQ	e7ab204f-7228-4bf1-ae26-5ad2c4a2322e
00000000-0000-0000-0000-000000000000	78	JX6j-jPpiynGEW1YEqD91w	0d78dfe9-27d2-4c22-b59e-293db5ad93f0	t	2024-12-03 11:48:31.986712+00	2024-12-03 12:46:33.41782+00	VvrAk6fbnjS0Abn5hcfABg	e7ab204f-7228-4bf1-ae26-5ad2c4a2322e
00000000-0000-0000-0000-000000000000	79	b-2UV1Ge_dyIA7deyoNiJQ	0d78dfe9-27d2-4c22-b59e-293db5ad93f0	t	2024-12-03 12:46:33.420375+00	2024-12-03 13:44:33.613544+00	JX6j-jPpiynGEW1YEqD91w	e7ab204f-7228-4bf1-ae26-5ad2c4a2322e
00000000-0000-0000-0000-000000000000	80	EI1H5o_-0R4Xqt2lYR-QSw	0d78dfe9-27d2-4c22-b59e-293db5ad93f0	t	2024-12-03 13:44:33.616935+00	2024-12-03 14:42:48.790966+00	b-2UV1Ge_dyIA7deyoNiJQ	e7ab204f-7228-4bf1-ae26-5ad2c4a2322e
00000000-0000-0000-0000-000000000000	81	HcNX7DgY7X2cRJTXh4sQlw	0d78dfe9-27d2-4c22-b59e-293db5ad93f0	t	2024-12-03 14:42:48.793322+00	2024-12-03 15:50:34.697605+00	EI1H5o_-0R4Xqt2lYR-QSw	e7ab204f-7228-4bf1-ae26-5ad2c4a2322e
00000000-0000-0000-0000-000000000000	82	wP8OlZ6P_hdQTxLXh7c2XQ	0d78dfe9-27d2-4c22-b59e-293db5ad93f0	t	2024-12-03 15:50:34.701676+00	2024-12-03 17:01:56.787561+00	HcNX7DgY7X2cRJTXh4sQlw	e7ab204f-7228-4bf1-ae26-5ad2c4a2322e
00000000-0000-0000-0000-000000000000	83	zsbcnH0UY5tXHk3bsEJvZw	0d78dfe9-27d2-4c22-b59e-293db5ad93f0	t	2024-12-03 17:01:56.789871+00	2024-12-03 18:14:45.757384+00	wP8OlZ6P_hdQTxLXh7c2XQ	e7ab204f-7228-4bf1-ae26-5ad2c4a2322e
00000000-0000-0000-0000-000000000000	84	o-S1yufwxbeCwKzfHeYTaA	0d78dfe9-27d2-4c22-b59e-293db5ad93f0	t	2024-12-03 18:14:45.759931+00	2024-12-03 19:56:35.942981+00	zsbcnH0UY5tXHk3bsEJvZw	e7ab204f-7228-4bf1-ae26-5ad2c4a2322e
00000000-0000-0000-0000-000000000000	85	-up-v1WYbIvj2f4htRSOTw	0d78dfe9-27d2-4c22-b59e-293db5ad93f0	t	2024-12-03 19:56:35.9437+00	2024-12-03 21:28:01.113861+00	o-S1yufwxbeCwKzfHeYTaA	e7ab204f-7228-4bf1-ae26-5ad2c4a2322e
00000000-0000-0000-0000-000000000000	86	k7V3teDOjFIqugFV-6PSWw	0d78dfe9-27d2-4c22-b59e-293db5ad93f0	t	2024-12-03 21:28:01.118607+00	2024-12-04 07:06:43.213067+00	-up-v1WYbIvj2f4htRSOTw	e7ab204f-7228-4bf1-ae26-5ad2c4a2322e
00000000-0000-0000-0000-000000000000	87	sZ1kb_ZpHS3dfZCVEY0y3Q	0d78dfe9-27d2-4c22-b59e-293db5ad93f0	t	2024-12-04 07:06:43.221804+00	2024-12-04 08:07:00.147728+00	k7V3teDOjFIqugFV-6PSWw	e7ab204f-7228-4bf1-ae26-5ad2c4a2322e
00000000-0000-0000-0000-000000000000	88	9P_mM2kA4N4T7-eAP-uvKA	0d78dfe9-27d2-4c22-b59e-293db5ad93f0	t	2024-12-04 08:07:00.153762+00	2024-12-04 09:06:59.211084+00	sZ1kb_ZpHS3dfZCVEY0y3Q	e7ab204f-7228-4bf1-ae26-5ad2c4a2322e
00000000-0000-0000-0000-000000000000	89	GBYSGbpBnKeiAuOgTGayiA	0d78dfe9-27d2-4c22-b59e-293db5ad93f0	t	2024-12-04 09:06:59.215676+00	2024-12-04 10:04:59.901124+00	9P_mM2kA4N4T7-eAP-uvKA	e7ab204f-7228-4bf1-ae26-5ad2c4a2322e
00000000-0000-0000-0000-000000000000	90	yzceU0-MNA71b37kJOsL4Q	0d78dfe9-27d2-4c22-b59e-293db5ad93f0	t	2024-12-04 10:04:59.903676+00	2024-12-04 12:08:17.633941+00	GBYSGbpBnKeiAuOgTGayiA	e7ab204f-7228-4bf1-ae26-5ad2c4a2322e
00000000-0000-0000-0000-000000000000	91	jeCEMVmLgbCxc2ImZihLOA	0d78dfe9-27d2-4c22-b59e-293db5ad93f0	t	2024-12-04 12:08:17.636395+00	2024-12-04 13:06:24.996949+00	yzceU0-MNA71b37kJOsL4Q	e7ab204f-7228-4bf1-ae26-5ad2c4a2322e
00000000-0000-0000-0000-000000000000	92	ytn7mojZvSvBKzX_RL8siQ	0d78dfe9-27d2-4c22-b59e-293db5ad93f0	t	2024-12-04 13:06:24.999268+00	2024-12-04 14:31:58.424857+00	jeCEMVmLgbCxc2ImZihLOA	e7ab204f-7228-4bf1-ae26-5ad2c4a2322e
00000000-0000-0000-0000-000000000000	93	LGVnQz9HaG8ybb5qEHSMbg	0d78dfe9-27d2-4c22-b59e-293db5ad93f0	t	2024-12-04 14:31:58.428876+00	2024-12-04 15:38:10.83793+00	ytn7mojZvSvBKzX_RL8siQ	e7ab204f-7228-4bf1-ae26-5ad2c4a2322e
00000000-0000-0000-0000-000000000000	94	z3fXYxs15uzWyw-EOj4qXw	0d78dfe9-27d2-4c22-b59e-293db5ad93f0	t	2024-12-04 15:38:10.842149+00	2024-12-04 16:36:24.844315+00	LGVnQz9HaG8ybb5qEHSMbg	e7ab204f-7228-4bf1-ae26-5ad2c4a2322e
00000000-0000-0000-0000-000000000000	95	TOWFW4TZGaHZ7wgbE7atXw	0d78dfe9-27d2-4c22-b59e-293db5ad93f0	t	2024-12-04 16:36:24.849068+00	2024-12-04 18:36:00.816755+00	z3fXYxs15uzWyw-EOj4qXw	e7ab204f-7228-4bf1-ae26-5ad2c4a2322e
00000000-0000-0000-0000-000000000000	96	anl-SnjpSBvHeg8um7N2xQ	0d78dfe9-27d2-4c22-b59e-293db5ad93f0	t	2024-12-04 18:36:00.81925+00	2024-12-05 12:01:08.248161+00	TOWFW4TZGaHZ7wgbE7atXw	e7ab204f-7228-4bf1-ae26-5ad2c4a2322e
00000000-0000-0000-0000-000000000000	97	KzvW2jbTCDMhn9X-CSPU6A	0d78dfe9-27d2-4c22-b59e-293db5ad93f0	f	2024-12-05 12:01:08.254758+00	2024-12-05 12:01:08.254758+00	anl-SnjpSBvHeg8um7N2xQ	e7ab204f-7228-4bf1-ae26-5ad2c4a2322e
\.


--
-- Data for Name: saml_providers; Type: TABLE DATA; Schema: auth; Owner: supabase_auth_admin
--

COPY auth.saml_providers (id, sso_provider_id, entity_id, metadata_xml, metadata_url, attribute_mapping, created_at, updated_at, name_id_format) FROM stdin;
\.


--
-- Data for Name: saml_relay_states; Type: TABLE DATA; Schema: auth; Owner: supabase_auth_admin
--

COPY auth.saml_relay_states (id, sso_provider_id, request_id, for_email, redirect_to, created_at, updated_at, flow_state_id) FROM stdin;
\.


--
-- Data for Name: schema_migrations; Type: TABLE DATA; Schema: auth; Owner: supabase_auth_admin
--

COPY auth.schema_migrations (version) FROM stdin;
20171026211738
20171026211808
20171026211834
20180103212743
20180108183307
20180119214651
20180125194653
00
20210710035447
20210722035447
20210730183235
20210909172000
20210927181326
20211122151130
20211124214934
20211202183645
20220114185221
20220114185340
20220224000811
20220323170000
20220429102000
20220531120530
20220614074223
20220811173540
20221003041349
20221003041400
20221011041400
20221020193600
20221021073300
20221021082433
20221027105023
20221114143122
20221114143410
20221125140132
20221208132122
20221215195500
20221215195800
20221215195900
20230116124310
20230116124412
20230131181311
20230322519590
20230402418590
20230411005111
20230508135423
20230523124323
20230818113222
20230914180801
20231027141322
20231114161723
20231117164230
20240115144230
20240214120130
20240306115329
20240314092811
20240427152123
20240612123726
20240729123726
20240802193726
20240806073726
20241009103726
\.


--
-- Data for Name: sessions; Type: TABLE DATA; Schema: auth; Owner: supabase_auth_admin
--

COPY auth.sessions (id, user_id, created_at, updated_at, factor_id, aal, not_after, refreshed_at, user_agent, ip, tag) FROM stdin;
e7ab204f-7228-4bf1-ae26-5ad2c4a2322e	0d78dfe9-27d2-4c22-b59e-293db5ad93f0	2024-11-23 16:18:56.788498+00	2024-12-05 12:01:08.267314+00	\N	aal1	\N	2024-12-05 12:01:08.26685	Mozilla/5.0 (X11; Linux x86_64; rv:133.0) Gecko/20100101 Firefox/133.0	123.136.28.130	\N
\.


--
-- Data for Name: sso_domains; Type: TABLE DATA; Schema: auth; Owner: supabase_auth_admin
--

COPY auth.sso_domains (id, sso_provider_id, domain, created_at, updated_at) FROM stdin;
\.


--
-- Data for Name: sso_providers; Type: TABLE DATA; Schema: auth; Owner: supabase_auth_admin
--

COPY auth.sso_providers (id, resource_id, created_at, updated_at) FROM stdin;
\.


--
-- Data for Name: users; Type: TABLE DATA; Schema: auth; Owner: supabase_auth_admin
--

COPY auth.users (instance_id, id, aud, role, email, encrypted_password, email_confirmed_at, invited_at, confirmation_token, confirmation_sent_at, recovery_token, recovery_sent_at, email_change_token_new, email_change, email_change_sent_at, last_sign_in_at, raw_app_meta_data, raw_user_meta_data, is_super_admin, created_at, updated_at, phone, phone_confirmed_at, phone_change, phone_change_token, phone_change_sent_at, email_change_token_current, email_change_confirm_status, banned_until, reauthentication_token, reauthentication_sent_at, is_sso_user, deleted_at, is_anonymous) FROM stdin;
00000000-0000-0000-0000-000000000000	0d78dfe9-27d2-4c22-b59e-293db5ad93f0	authenticated	authenticated	vultejufya@gufum.com	$2a$10$9z0E8mKNB3wl3jwpZ.rA1eyQTrRxonp7yDOKKdNaZo46V95UAulTC	2024-11-23 14:40:43.504263+00	\N		\N		\N			\N	2024-11-23 16:18:56.788418+00	{"provider": "email", "providers": ["email"]}	{"sub": "0d78dfe9-27d2-4c22-b59e-293db5ad93f0", "email": "vultejufya@gufum.com", "avatar": "https://nntxghxztdpccqueymkq.supabase.co/storage/v1/object/public/avatars/avatar-0d78dfe9-27d2-4c22-b59e-293db5ad93f0-0.04404598403159388", "fullName": "Juffo", "email_verified": false, "phone_verified": false}	\N	2024-11-23 14:28:55.460378+00	2024-12-05 12:01:08.261472+00	\N	\N			\N		0	\N		\N	f	\N	f
00000000-0000-0000-0000-000000000000	fc7506ef-3e8c-4642-9ded-9f2d16e0c4bc	authenticated	authenticated	kakito.bish@gmail.com	$2a$10$VCQzg8CRFJ1ECkdbMEzeXub5O2iND9w1dRgKWKLioxb7X9HZrJumW	2024-11-22 16:23:16.586565+00	\N		\N		\N			\N	2024-11-23 15:02:39.92231+00	{"provider": "email", "providers": ["email"]}	{}	\N	2024-11-22 16:23:16.550758+00	2024-11-23 15:02:39.927877+00	\N	\N			\N		0	\N		\N	f	\N	f
00000000-0000-0000-0000-000000000000	c1c5065d-8d7a-4b31-84b4-7565bbe9ee6b	authenticated	authenticated	koko.late@gmail.com	$2a$10$70VKmkFfM8unezhZjBFgSur92AlHuMQ0tvkPFE8EB2oLgFlkDm3Ie	2024-11-23 14:16:48.362148+00	\N		\N		\N			\N	2024-11-23 14:24:04.012318+00	{"provider": "email", "providers": ["email"]}	{"sub": "c1c5065d-8d7a-4b31-84b4-7565bbe9ee6b", "email": "koko.late@gmail.com", "avatar": "", "fullName": "Koko Late", "email_verified": false, "phone_verified": false}	\N	2024-11-23 14:16:48.34014+00	2024-11-23 14:24:04.014609+00	\N	\N			\N		0	\N		\N	f	\N	f
\.


--
-- Data for Name: key; Type: TABLE DATA; Schema: pgsodium; Owner: supabase_admin
--

COPY pgsodium.key (id, status, created, expires, key_type, key_id, key_context, name, associated_data, raw_key, raw_key_nonce, parent_key, comment, user_data) FROM stdin;
\.


--
-- Data for Name: bookings; Type: TABLE DATA; Schema: public; Owner: postgres
--

COPY public.bookings (id, created_at, "startDate", "endDate", "numNights", "numGuests", "cabinPrice", "extrasPrice", "totalPrice", status, "hasBreakfast", "isPaid", observations, "cabinId", "guestId") FROM stdin;
301	2024-12-03 20:17:10.080198+00	2024-12-05 00:00:00	2024-12-07 00:00:00	2	1	\N	\N	980	unconfirmed	f	f		139	236
302	2024-12-03 20:30:48.659586+00	2024-12-05 00:00:00	2024-12-08 00:00:00	3	1	\N	\N	88	unconfirmed	f	f		141	236
303	2024-12-03 21:28:25.547036+00	2024-12-06 00:00:00	2024-12-09 00:00:00	3	1	\N	\N	734	unconfirmed	f	f		142	236
299	2024-12-03 16:01:21.6426+00	2024-12-04 00:00:00	2024-12-08 00:00:00	4	2	\N	240	871	checked-in	t	t		140	236
296	2024-12-01 14:57:39.968396+00	2024-12-03 00:00:00	2024-12-05 00:00:00	2	2	\N	120	1100	checked-out	t	t	No pork	139	229
304	2024-12-04 07:07:44.427015+00	2024-12-09 00:00:00	2024-12-11 00:00:00	2	2	\N	120	1100	checked-in	t	t		139	229
308	2024-12-04 08:41:13.569137+00	2024-12-04 00:00:00	2024-12-06 00:00:00	2	4	\N	240	1135	checked-in	t	t		144	202
306	2024-12-04 08:08:03.054606+00	2024-12-02 00:00:00	2024-12-04 00:00:00	2	4	\N	240	569	checked-out	t	t		146	229
307	2024-12-04 08:10:24.211885+00	2024-12-01 00:00:00	2024-12-04 00:00:00	3	2	\N	180	509	checked-out	t	t		146	228
305	2024-12-04 07:58:59.574728+00	2024-12-04 00:00:00	2024-12-09 00:00:00	5	4	\N	600	1210	checked-in	t	t		143	231
311	2024-12-04 16:29:33.168784+00	2024-12-04 00:00:00	2024-12-06 00:00:00	2	1	\N	\N	1084	checked-in	f	t		145	207
312	2024-12-04 16:32:55.277031+00	2024-12-04 00:00:00	2024-12-06 00:00:00	2	4	\N	\N	658	unconfirmed	f	f	I only eat halal food.	146	194
\.


--
-- Data for Name: cabins; Type: TABLE DATA; Schema: public; Owner: postgres
--

COPY public.cabins (id, created_at, name, capacity, price, discount, image, description) FROM stdin;
139	2024-11-25 15:36:38.424271+00	001	10	1021	4	https://nntxghxztdpccqueymkq.supabase.co/storage/v1/object/public/cabin-images/cabin-006.jpg	Experience the epitome of luxury and grandeur with your large group in our grand cabin 001. This lavish retreat caters to all needs and desires. Featuring opulent design, high-end finishes, and the finest quality wood. Multiple living areas with fireplaces, a gourmet kitchen, and plush bedrooms with en-suite bathrooms await you. Relax on the private deck with a luxurious hot tub and ample seating.
140	2024-11-25 15:36:38.424271+00	002	9	1127	44	https://nntxghxztdpccqueymkq.supabase.co/storage/v1/object/public/cabin-images/cabin-003.jpg	Experience the epitome of luxury and grandeur with your large group in our grand cabin 002. This lavish retreat caters to all needs and desires. Featuring opulent design, high-end finishes, and the finest quality wood. Multiple living areas with fireplaces, a gourmet kitchen, and plush bedrooms with en-suite bathrooms await you. Relax on the private deck with a luxurious hot tub and ample seating.
142	2024-11-25 15:36:38.424271+00	004	5	1468	50	https://nntxghxztdpccqueymkq.supabase.co/storage/v1/object/public/cabin-images/cabin-005.jpg	Experience the epitome of luxury and grandeur with your large group in our grand cabin 004. This lavish retreat caters to all needs and desires. Featuring opulent design, high-end finishes, and the finest quality wood. Multiple living areas with fireplaces, a gourmet kitchen, and plush bedrooms with en-suite bathrooms await you. Relax on the private deck with a luxurious hot tub and ample seating.
143	2024-11-25 15:36:38.424271+00	005	3	610	0	https://nntxghxztdpccqueymkq.supabase.co/storage/v1/object/public/cabin-images/cabin-003.jpg	Experience the epitome of luxury and grandeur with your large group in our grand cabin 005. This lavish retreat caters to all needs and desires. Featuring opulent design, high-end finishes, and the finest quality wood. Multiple living areas with fireplaces, a gourmet kitchen, and plush bedrooms with en-suite bathrooms await you. Relax on the private deck with a luxurious hot tub and ample seating.
144	2024-11-25 15:36:38.424271+00	006	4	973	8	https://nntxghxztdpccqueymkq.supabase.co/storage/v1/object/public/cabin-images/cabin-007.jpg	Experience luxury family living in our medium-sized wooden cabin 006. Perfect for families of up to 4 people, this cabin offers a comfortable and inviting space with all modern amenities. Inside, enjoy warm interiors crafted from high-quality wood, a living area, a fireplace, and a fully-equipped kitchen. The bedrooms feature plush beds and spa-like bathrooms. The private deck with a hot tub and outdoor seating area is perfect for taking in the natural surroundings.
145	2024-11-25 15:36:38.424271+00	007	3	743	27	https://nntxghxztdpccqueymkq.supabase.co/storage/v1/object/public/cabin-images/cabin-004.jpg	Experience the epitome of luxury and grandeur with your large group in our grand cabin 007. This lavish retreat caters to all needs and desires. Featuring opulent design, high-end finishes, and the finest quality wood. Multiple living areas with fireplaces, a gourmet kitchen, and plush bedrooms with en-suite bathrooms await you. Relax on the private deck with a luxurious hot tub and ample seating.
146	2024-11-25 15:36:38.424271+00	008	10	889	63	https://nntxghxztdpccqueymkq.supabase.co/storage/v1/object/public/cabin-images/cabin-006.jpg	Experience the epitome of luxury and grandeur with your large group in our grand cabin 008. This lavish retreat caters to all needs and desires. Featuring opulent design, high-end finishes, and the finest quality wood. Multiple living areas with fireplaces, a gourmet kitchen, and plush bedrooms with en-suite bathrooms await you. Relax on the private deck with a luxurious hot tub and ample seating.
147	2024-11-25 15:36:38.424271+00	009	10	422	74	https://nntxghxztdpccqueymkq.supabase.co/storage/v1/object/public/cabin-images/cabin-004.jpg	Experience the epitome of luxury and grandeur with your large group in our grand cabin 009. This lavish retreat caters to all needs and desires. Featuring opulent design, high-end finishes, and the finest quality wood. Multiple living areas with fireplaces, a gourmet kitchen, and plush bedrooms with en-suite bathrooms await you. Relax on the private deck with a luxurious hot tub and ample seating.
141	2024-11-25 15:36:38.424271+00	003	10	982	30	https://nntxghxztdpccqueymkq.supabase.co/storage/v1/object/public/cabin-images/cabin-003.jpg	Experience the epitome of luxury and grandeur with your large group in our grand cabin 003. This lavish retreat caters to all needs and desires. Featuring opulent design, high-end finishes, and the finest quality wood. Multiple living areas with fireplaces, a gourmet kitchen, and plush bedrooms with en-suite bathrooms await you. Relax on the private deck with a luxurious hot tub and ample seating.
\.


--
-- Data for Name: guests; Type: TABLE DATA; Schema: public; Owner: postgres
--

COPY public.guests (id, created_at, "fullName", email, "nationalID", nationality, "countryFlag") FROM stdin;
184	2024-11-25 15:36:38.163757+00	Jonas Schmedtmann	hello@jonas.io	3525436345	Portugal	https://flagcdn.com/pt.svg
185	2024-11-25 15:36:38.163757+00	Jonathan Smith	johnsmith@test.eu	4534593454	Great Britain	https://flagcdn.com/gb.svg
186	2024-11-25 15:36:38.163757+00	Jonatan Johansson	jonatan@example.com	9374074454	Finland	https://flagcdn.com/fi.svg
187	2024-11-25 15:36:38.163757+00	Jonas Mueller	jonas@example.eu	1233212288	Germany	https://flagcdn.com/de.svg
188	2024-11-25 15:36:38.163757+00	Jonas Anderson	anderson@example.com	0988520146	Bolivia (Plurinational State of)	https://flagcdn.com/bo.svg
189	2024-11-25 15:36:38.163757+00	Jonathan Williams	jowi@gmail.com	633678543	United States of America	https://flagcdn.com/us.svg
190	2024-11-25 15:36:38.163757+00	Emma Watson	emma@gmail.com	1234578901	United Kingdom	https://flagcdn.com/gb.svg
191	2024-11-25 15:36:38.163757+00	Mohammed Ali	mohammedali@yahoo.com	987543210	Egypt	https://flagcdn.com/eg.svg
192	2024-11-25 15:36:38.163757+00	Maria Rodriguez	maria@gmail.com	1098765321	Spain	https://flagcdn.com/es.svg
193	2024-11-25 15:36:38.163757+00	Li Mei	li.mei@hotmail.com	102934756	China	https://flagcdn.com/cn.svg
194	2024-11-25 15:36:38.163757+00	Khadija Ahmed	khadija@gmail.com	1023457890	Sudan	https://flagcdn.com/sd.svg
195	2024-11-25 15:36:38.163757+00	Gabriel Silva	gabriel@gmail.com	109283465	Brazil	https://flagcdn.com/br.svg
196	2024-11-25 15:36:38.163757+00	Maria Gomez	maria@example.com	108765421	Mexico	https://flagcdn.com/mx.svg
197	2024-11-25 15:36:38.163757+00	Ahmed Hassan	ahmed@gmail.com	1077777777	Egypt	https://flagcdn.com/eg.svg
198	2024-11-25 15:36:38.163757+00	John Doe	johndoe@gmail.com	3245908744	United States	https://flagcdn.com/us.svg
199	2024-11-25 15:36:38.163757+00	Fatima Ahmed	fatima@example.com	1089999363	Pakistan	https://flagcdn.com/pk.svg
200	2024-11-25 15:36:38.163757+00	David Smith	david@gmail.com	44450960283	Australia	https://flagcdn.com/au.svg
201	2024-11-25 15:36:38.163757+00	Marie Dupont	marie@gmail.com	06934233728	France	https://flagcdn.com/fr.svg
202	2024-11-25 15:36:38.163757+00	Ramesh Patel	ramesh@gmail.com	9875412303	India	https://flagcdn.com/in.svg
203	2024-11-25 15:36:38.163757+00	Fatimah Al-Sayed	fatimah@gmail.com	0123456789	Kuwait	https://flagcdn.com/kw.svg
204	2024-11-25 15:36:38.163757+00	Nina Williams	nina@hotmail.com	2345678901	South Africa	https://flagcdn.com/za.svg
205	2024-11-25 15:36:38.163757+00	Taro Tanaka	taro@gmail.com	3456789012	Japan	https://flagcdn.com/jp.svg
206	2024-11-25 15:36:38.163757+00	Abdul Rahman	abdul@gmail.com	4567890123	Saudi Arabia	https://flagcdn.com/sa.svg
207	2024-11-25 15:36:38.163757+00	Julie Nguyen	julie@gmail.com	5678901234	Vietnam	https://flagcdn.com/vn.svg
208	2024-11-25 15:36:38.163757+00	Sara Lee	sara@gmail.com	6789012345	South Korea	https://flagcdn.com/kr.svg
209	2024-11-25 15:36:38.163757+00	Carlos Gomez	carlos@yahoo.com	7890123456	Colombia	https://flagcdn.com/co.svg
210	2024-11-25 15:36:38.163757+00	Emma Brown	emma@gmail.com	8901234567	Canada	https://flagcdn.com/ca.svg
211	2024-11-25 15:36:38.163757+00	Juan Hernandez	juan@yahoo.com	4343433333	Argentina	https://flagcdn.com/ar.svg
212	2024-11-25 15:36:38.163757+00	Ibrahim Ahmed	ibrahim@yahoo.com	2345678009	Nigeria	https://flagcdn.com/ng.svg
213	2024-11-25 15:36:38.163757+00	Mei Chen	mei@gmail.com	3456117890	Taiwan	https://flagcdn.com/tw.svg
227	2024-11-28 15:38:41.051322+00	Bridget Knox	knx@gmail.com	312311134	England	\N
228	2024-11-28 16:10:48.78053+00	Koko Late	koko.late@gmail.com	314511134	Cambodia	\N
231	2024-12-01 19:21:15.901188+00	Omar Siddiqi	omar.sdq@gmail.com	553711134	Burundi	https://flagcdn.com/bi.svg
229	2024-12-01 14:57:39.70616+00	Kakito Saqline	kakito.sq@gmail.com	29101492	Afghanistan	https://flagcdn.com/af.svg
236	2024-12-03 08:14:32.327571+00	Jufiyan Shim	jshim@yahoo.com	655719834	Belize	https://flagcdn.com/bz.svg
\.


--
-- Data for Name: settings; Type: TABLE DATA; Schema: public; Owner: postgres
--

COPY public.settings (id, created_at, "minGuestsPerBooking", "maxGuestsPerBooking", "minNightsPerBooking", "maxNightsPerBooking", "breakfastPrice") FROM stdin;
1	2024-11-04 12:07:47.258018+00	2	8	2	30	30
\.


--
-- Data for Name: schema_migrations; Type: TABLE DATA; Schema: realtime; Owner: supabase_admin
--

COPY realtime.schema_migrations (version, inserted_at) FROM stdin;
20211116024918	2024-11-03 20:24:31
20211116045059	2024-11-03 20:24:31
20211116050929	2024-11-03 20:24:32
20211116051442	2024-11-03 20:24:33
20211116212300	2024-11-03 20:24:34
20211116213355	2024-11-03 20:24:34
20211116213934	2024-11-03 20:24:35
20211116214523	2024-11-03 20:24:36
20211122062447	2024-11-03 20:24:36
20211124070109	2024-11-03 20:24:37
20211202204204	2024-11-03 20:24:38
20211202204605	2024-11-03 20:24:38
20211210212804	2024-11-03 20:24:40
20211228014915	2024-11-03 20:24:41
20220107221237	2024-11-03 20:24:41
20220228202821	2024-11-03 20:24:42
20220312004840	2024-11-03 20:24:43
20220603231003	2024-11-03 20:24:44
20220603232444	2024-11-03 20:24:44
20220615214548	2024-11-03 20:24:45
20220712093339	2024-11-03 20:24:46
20220908172859	2024-11-03 20:24:46
20220916233421	2024-11-03 20:24:47
20230119133233	2024-11-03 20:24:48
20230128025114	2024-11-03 20:24:48
20230128025212	2024-11-03 20:24:49
20230227211149	2024-11-03 20:24:50
20230228184745	2024-11-03 20:24:50
20230308225145	2024-11-03 20:24:51
20230328144023	2024-11-03 20:24:52
20231018144023	2024-11-03 20:24:52
20231204144023	2024-11-03 20:24:53
20231204144024	2024-11-03 20:24:54
20231204144025	2024-11-03 20:24:55
20240108234812	2024-11-03 20:24:55
20240109165339	2024-11-03 20:24:56
20240227174441	2024-11-03 20:24:57
20240311171622	2024-11-03 20:24:58
20240321100241	2024-11-03 20:24:59
20240401105812	2024-11-03 20:25:01
20240418121054	2024-11-03 20:25:02
20240523004032	2024-11-03 20:25:04
20240618124746	2024-11-03 20:25:05
20240801235015	2024-11-03 20:25:05
20240805133720	2024-11-03 20:25:06
20240827160934	2024-11-03 20:25:07
20240919163303	2024-11-18 18:25:16
20240919163305	2024-11-18 18:25:17
20241019105805	2024-11-18 18:25:17
20241030150047	2024-11-18 18:25:20
20241108114728	2024-11-18 18:25:21
20241121104152	2024-12-03 07:47:56
20241130184212	2024-12-03 07:47:57
\.


--
-- Data for Name: subscription; Type: TABLE DATA; Schema: realtime; Owner: supabase_admin
--

COPY realtime.subscription (id, subscription_id, entity, filters, claims, created_at) FROM stdin;
\.


--
-- Data for Name: buckets; Type: TABLE DATA; Schema: storage; Owner: supabase_storage_admin
--

COPY storage.buckets (id, name, owner, created_at, updated_at, public, avif_autodetection, file_size_limit, allowed_mime_types, owner_id) FROM stdin;
avatars	avatars	\N	2024-11-04 13:07:20.302248+00	2024-11-04 13:07:20.302248+00	t	f	\N	\N	\N
cabin-images	cabin-images	\N	2024-11-04 13:07:52.592521+00	2024-11-04 13:07:52.592521+00	t	f	\N	\N	\N
\.


--
-- Data for Name: migrations; Type: TABLE DATA; Schema: storage; Owner: supabase_storage_admin
--

COPY storage.migrations (id, name, hash, executed_at) FROM stdin;
0	create-migrations-table	e18db593bcde2aca2a408c4d1100f6abba2195df	2024-11-03 20:20:21.615872
1	initialmigration	6ab16121fbaa08bbd11b712d05f358f9b555d777	2024-11-03 20:20:21.633107
2	storage-schema	5c7968fd083fcea04050c1b7f6253c9771b99011	2024-11-03 20:20:21.642757
3	pathtoken-column	2cb1b0004b817b29d5b0a971af16bafeede4b70d	2024-11-03 20:20:21.674241
4	add-migrations-rls	427c5b63fe1c5937495d9c635c263ee7a5905058	2024-11-03 20:20:21.750452
5	add-size-functions	79e081a1455b63666c1294a440f8ad4b1e6a7f84	2024-11-03 20:20:21.802473
6	change-column-name-in-get-size	f93f62afdf6613ee5e7e815b30d02dc990201044	2024-11-03 20:20:21.855211
7	add-rls-to-buckets	e7e7f86adbc51049f341dfe8d30256c1abca17aa	2024-11-03 20:20:21.90578
8	add-public-to-buckets	fd670db39ed65f9d08b01db09d6202503ca2bab3	2024-11-03 20:20:21.957904
9	fix-search-function	3a0af29f42e35a4d101c259ed955b67e1bee6825	2024-11-03 20:20:22.010312
10	search-files-search-function	68dc14822daad0ffac3746a502234f486182ef6e	2024-11-03 20:20:22.021627
11	add-trigger-to-auto-update-updated_at-column	7425bdb14366d1739fa8a18c83100636d74dcaa2	2024-11-03 20:20:22.077705
12	add-automatic-avif-detection-flag	8e92e1266eb29518b6a4c5313ab8f29dd0d08df9	2024-11-03 20:20:22.140356
13	add-bucket-custom-limits	cce962054138135cd9a8c4bcd531598684b25e7d	2024-11-03 20:20:22.153433
14	use-bytes-for-max-size	941c41b346f9802b411f06f30e972ad4744dad27	2024-11-03 20:20:22.206656
15	add-can-insert-object-function	934146bc38ead475f4ef4b555c524ee5d66799e5	2024-11-03 20:20:22.239691
16	add-version	76debf38d3fd07dcfc747ca49096457d95b1221b	2024-11-03 20:20:22.253875
17	drop-owner-foreign-key	f1cbb288f1b7a4c1eb8c38504b80ae2a0153d101	2024-11-03 20:20:22.313896
18	add_owner_id_column_deprecate_owner	e7a511b379110b08e2f214be852c35414749fe66	2024-11-03 20:20:22.373772
19	alter-default-value-objects-id	02e5e22a78626187e00d173dc45f58fa66a4f043	2024-11-03 20:20:22.431842
20	list-objects-with-delimiter	cd694ae708e51ba82bf012bba00caf4f3b6393b7	2024-11-03 20:20:22.48402
21	s3-multipart-uploads	8c804d4a566c40cd1e4cc5b3725a664a9303657f	2024-11-03 20:20:22.558825
22	s3-multipart-uploads-big-ints	9737dc258d2397953c9953d9b86920b8be0cdb73	2024-11-03 20:20:22.597799
23	optimize-search-function	9d7e604cddc4b56a5422dc68c9313f4a1b6f132c	2024-11-03 20:20:22.630987
24	operation-function	8312e37c2bf9e76bbe841aa5fda889206d2bf8aa	2024-11-03 20:20:22.681693
25	custom-metadata	67eb93b7e8d401cafcdc97f9ac779e71a79bfe03	2024-11-03 20:20:22.736073
\.


--
-- Data for Name: objects; Type: TABLE DATA; Schema: storage; Owner: supabase_storage_admin
--

COPY storage.objects (id, bucket_id, name, owner, created_at, updated_at, last_accessed_at, metadata, version, owner_id, user_metadata) FROM stdin;
44045e8e-28c4-4d96-b79c-ea680f293aab	cabin-images	cabin-005.jpg	\N	2024-11-04 13:10:58.768088+00	2024-11-04 13:10:58.768088+00	2024-11-04 13:10:58.768088+00	{"eTag": "\\"671afbb6c6bab3546973f776f6732de3-1\\"", "size": 298446, "mimetype": "image/jpeg", "cacheControl": "max-age=3600", "lastModified": "2024-11-04T13:10:59.000Z", "contentLength": 298446, "httpStatusCode": 200}	ee942be8-24a3-493a-9bb1-adac5e92f991	\N	\N
31b51d7b-1a27-47c9-b208-ed57b75e1576	cabin-images	cabin-002.jpg	\N	2024-11-04 13:10:58.816994+00	2024-11-04 13:10:58.816994+00	2024-11-04 13:10:58.816994+00	{"eTag": "\\"9da847f783d7018791464aa4befd1cc5-1\\"", "size": 211817, "mimetype": "image/jpeg", "cacheControl": "max-age=3600", "lastModified": "2024-11-04T13:10:59.000Z", "contentLength": 211817, "httpStatusCode": 200}	338ed9aa-eefe-407f-bad6-cb0001b4bc0a	\N	\N
b15bb7ce-1273-4733-a50f-dc96fd793441	cabin-images	cabin-001.jpg	\N	2024-11-04 13:10:58.849282+00	2024-11-04 13:10:58.849282+00	2024-11-04 13:10:58.849282+00	{"eTag": "\\"45afb2ebfe28f136a081cca47924dd54-1\\"", "size": 261067, "mimetype": "image/jpeg", "cacheControl": "max-age=3600", "lastModified": "2024-11-04T13:10:59.000Z", "contentLength": 261067, "httpStatusCode": 200}	2d2a39fe-59c6-4875-b6ee-3834f882f33e	\N	\N
588c6fce-c722-4082-ace7-3c8ab8160cf8	cabin-images	cabin-004.jpg	\N	2024-11-04 13:10:59.076574+00	2024-11-04 13:10:59.076574+00	2024-11-04 13:10:59.076574+00	{"eTag": "\\"d5f99c5227847b5561807cd24afd4a16-1\\"", "size": 250312, "mimetype": "image/jpeg", "cacheControl": "max-age=3600", "lastModified": "2024-11-04T13:10:59.000Z", "contentLength": 250312, "httpStatusCode": 200}	9ffba31e-c807-427f-ae12-830172e86ffc	\N	\N
b01ea5f1-21be-4fc9-889c-4153ffab1880	cabin-images	cabin-003.jpg	\N	2024-11-04 13:10:59.220601+00	2024-11-04 13:10:59.220601+00	2024-11-04 13:10:59.220601+00	{"eTag": "\\"4b2b22bdcd724936b9a6dc09fe5e0fe6-1\\"", "size": 254300, "mimetype": "image/jpeg", "cacheControl": "max-age=3600", "lastModified": "2024-11-04T13:10:59.000Z", "contentLength": 254300, "httpStatusCode": 200}	eb6dfc53-baed-4a67-a1c9-296fe96e7df1	\N	\N
44999fe2-e70e-4bde-bed4-f88ccc5e934f	cabin-images	cabin-006.jpg	\N	2024-11-04 13:10:59.277228+00	2024-11-04 13:10:59.277228+00	2024-11-04 13:10:59.277228+00	{"eTag": "\\"cf79d9caf48c24639ca629a06271f760-1\\"", "size": 262253, "mimetype": "image/jpeg", "cacheControl": "max-age=3600", "lastModified": "2024-11-04T13:10:59.000Z", "contentLength": 262253, "httpStatusCode": 200}	8fc6394b-d9d3-4095-97fb-8533c616e6be	\N	\N
d57b9977-0d54-4ec1-a0ce-af547363aadd	cabin-images	cabin-008.jpg	\N	2024-11-04 13:10:59.348033+00	2024-11-04 13:10:59.348033+00	2024-11-04 13:10:59.348033+00	{"eTag": "\\"9ab32ab61d756f5bce580da74e66b202-1\\"", "size": 252747, "mimetype": "image/jpeg", "cacheControl": "max-age=3600", "lastModified": "2024-11-04T13:10:59.000Z", "contentLength": 252747, "httpStatusCode": 200}	ed1d2972-a63e-4418-94f3-0c27e021e1ce	\N	\N
8e608448-e0ef-4a8d-974c-96ab88b373bf	cabin-images	cabin-007.jpg	\N	2024-11-04 13:10:59.32373+00	2024-11-04 13:10:59.32373+00	2024-11-04 13:10:59.32373+00	{"eTag": "\\"18377cc1afd74a13dd267c495093216d-1\\"", "size": 231604, "mimetype": "image/jpeg", "cacheControl": "max-age=3600", "lastModified": "2024-11-04T13:10:59.000Z", "contentLength": 231604, "httpStatusCode": 200}	86c51813-a94e-424b-9e50-0e2eca044842	\N	\N
283873aa-d505-43d2-af22-75cf90b3058e	cabin-images	0.2190463163741111-cabin-003.jpg	\N	2024-11-04 20:26:38.398959+00	2024-11-04 20:26:38.398959+00	2024-11-04 20:26:38.398959+00	{"eTag": "\\"b31d3641a0223d5a698787d6ef1611e0\\"", "size": 254300, "mimetype": "image/jpeg", "cacheControl": "max-age=3600", "lastModified": "2024-11-04T20:26:39.000Z", "contentLength": 254300, "httpStatusCode": 200}	272de8eb-2066-422f-a1da-56050180aa20	\N	{}
548936c2-7f0b-4388-94be-12d07602257e	cabin-images	0.06623185497747908-cabin-004.jpg	\N	2024-11-08 16:38:08.245865+00	2024-11-08 16:38:08.245865+00	2024-11-08 16:38:08.245865+00	{"eTag": "\\"c43b8e6bd7abc5412fbd5eafc9985dc0\\"", "size": 250312, "mimetype": "image/jpeg", "cacheControl": "max-age=3600", "lastModified": "2024-11-08T16:38:09.000Z", "contentLength": 250312, "httpStatusCode": 200}	2db49816-ab84-4db4-a317-c74d45cc500a	\N	{}
1d16e32e-55e7-4a0a-b47f-e3d832641ab9	cabin-images	0.16637618828967993-cabin-004.jpg	\N	2024-11-08 16:39:50.12643+00	2024-11-08 16:39:50.12643+00	2024-11-08 16:39:50.12643+00	{"eTag": "\\"c43b8e6bd7abc5412fbd5eafc9985dc0\\"", "size": 250312, "mimetype": "image/jpeg", "cacheControl": "max-age=3600", "lastModified": "2024-11-08T16:39:50.000Z", "contentLength": 250312, "httpStatusCode": 200}	efc48395-bf69-4c5e-a3ab-348ac4172276	\N	{}
f56f9a12-7b76-48d8-ae19-02e916496e91	cabin-images	0.4781695456545547-tmp requirements.png	\N	2024-11-08 18:30:58.511328+00	2024-11-08 18:30:58.511328+00	2024-11-08 18:30:58.511328+00	{"eTag": "\\"9d8c3b7f3af2355d74da5ab274368d3d\\"", "size": 732400, "mimetype": "image/png", "cacheControl": "max-age=3600", "lastModified": "2024-11-08T18:30:59.000Z", "contentLength": 732400, "httpStatusCode": 200}	f1f9f48e-2c1b-45b2-b207-bd87df13dbb5	\N	{}
345f5e0d-e0a7-4dcd-890d-58e4acdab0f6	cabin-images	0.5689415391040138-cabin-002.jpg	\N	2024-11-08 19:46:38.347626+00	2024-11-08 19:46:38.347626+00	2024-11-08 19:46:38.347626+00	{"eTag": "\\"066647c2de6f1de34d0253f8fcd26ed8\\"", "size": 211817, "mimetype": "image/jpeg", "cacheControl": "max-age=3600", "lastModified": "2024-11-08T19:46:39.000Z", "contentLength": 211817, "httpStatusCode": 200}	9d3a14de-6a7f-4836-a230-03434ced197b	\N	{}
68d0f1aa-b56b-4ad4-817d-ab55640da3f3	cabin-images	0.14052082466674176-cabin-005.jpg	\N	2024-11-08 19:48:05.624606+00	2024-11-08 19:48:05.624606+00	2024-11-08 19:48:05.624606+00	{"eTag": "\\"f0708351f7c8e59dae5e3517a36e7e16\\"", "size": 298446, "mimetype": "image/jpeg", "cacheControl": "max-age=3600", "lastModified": "2024-11-08T19:48:06.000Z", "contentLength": 298446, "httpStatusCode": 200}	9b015e64-efb3-4f98-b72d-7aac08aa3184	\N	{}
b298c35a-192b-4e75-85ee-d2cc36862c36	cabin-images	0.45478557600834224-undefined	\N	2024-11-08 20:00:21.544344+00	2024-11-08 20:00:21.544344+00	2024-11-08 20:00:21.544344+00	{"eTag": "\\"a2f25f62af26cd6c4fde268759dc65c5\\"", "size": 111, "mimetype": "text/plain;charset=UTF-8", "cacheControl": "max-age=3600", "lastModified": "2024-11-08T20:00:22.000Z", "contentLength": 111, "httpStatusCode": 200}	980fac79-9819-40d3-a125-b3ce9c195182	\N	{}
545f3d1e-305d-4755-863a-09a4a0c82d87	cabin-images	0.27602540813915166-cabin-002.jpg	\N	2024-11-08 20:02:02.352076+00	2024-11-08 20:02:02.352076+00	2024-11-08 20:02:02.352076+00	{"eTag": "\\"066647c2de6f1de34d0253f8fcd26ed8\\"", "size": 211817, "mimetype": "image/jpeg", "cacheControl": "max-age=3600", "lastModified": "2024-11-08T20:02:03.000Z", "contentLength": 211817, "httpStatusCode": 200}	6e64fe06-20ed-4952-a9dd-39109d716cb3	\N	{}
5cd845fa-994e-424c-9f76-bbb1a4378541	cabin-images	0.8438073010123247-cabin-002.jpg	\N	2024-11-08 20:03:35.57001+00	2024-11-08 20:03:35.57001+00	2024-11-08 20:03:35.57001+00	{"eTag": "\\"066647c2de6f1de34d0253f8fcd26ed8\\"", "size": 211817, "mimetype": "image/jpeg", "cacheControl": "max-age=3600", "lastModified": "2024-11-08T20:03:36.000Z", "contentLength": 211817, "httpStatusCode": 200}	7d92f0d0-a22b-47bb-91bb-b794c608c062	\N	{}
39a60f64-e39b-481a-9d13-c0ab8bf3deee	cabin-images	0.8160995722523051-undefined	\N	2024-11-08 20:03:48.790506+00	2024-11-08 20:03:48.790506+00	2024-11-08 20:03:48.790506+00	{"eTag": "\\"a8f15996806b380f63fdf9969a69cb56\\"", "size": 111, "mimetype": "text/plain;charset=UTF-8", "cacheControl": "max-age=3600", "lastModified": "2024-11-08T20:03:49.000Z", "contentLength": 111, "httpStatusCode": 200}	f4f77231-e80b-4b3a-9283-50dd98287540	\N	{}
5466d5db-1b63-43d5-a208-3ed26a130ef0	cabin-images	0.6286573653483435-undefined	\N	2024-11-08 20:04:34.904042+00	2024-11-08 20:04:34.904042+00	2024-11-08 20:04:34.904042+00	{"eTag": "\\"a8f15996806b380f63fdf9969a69cb56\\"", "size": 111, "mimetype": "text/plain;charset=UTF-8", "cacheControl": "max-age=3600", "lastModified": "2024-11-08T20:04:35.000Z", "contentLength": 111, "httpStatusCode": 200}	a4591be4-231c-4d99-8507-3be350ac730a	\N	{}
5dd01706-be3e-4510-8824-bf24439b03ee	cabin-images	0.1452848166391597-undefined	\N	2024-11-08 20:07:53.570774+00	2024-11-08 20:07:53.570774+00	2024-11-08 20:07:53.570774+00	{"eTag": "\\"a8f15996806b380f63fdf9969a69cb56\\"", "size": 111, "mimetype": "text/plain;charset=UTF-8", "cacheControl": "max-age=3600", "lastModified": "2024-11-08T20:07:54.000Z", "contentLength": 111, "httpStatusCode": 200}	69c30df2-d994-4f7a-8393-776cff112621	\N	{}
91c833c9-e1c0-42e8-a5a6-62e9a0f593fd	cabin-images	0.7557662274135285-cabin-005.jpg	\N	2024-11-08 20:09:47.63658+00	2024-11-08 20:09:47.63658+00	2024-11-08 20:09:47.63658+00	{"eTag": "\\"f0708351f7c8e59dae5e3517a36e7e16\\"", "size": 298446, "mimetype": "image/jpeg", "cacheControl": "max-age=3600", "lastModified": "2024-11-08T20:09:48.000Z", "contentLength": 298446, "httpStatusCode": 200}	1f93507e-db92-439b-979a-11bc3094fd3b	\N	{}
503dce33-c57f-47b7-969c-ba49c909ffea	cabin-images	0.7370101670471961-undefined	\N	2024-11-08 20:10:13.934316+00	2024-11-08 20:10:13.934316+00	2024-11-08 20:10:13.934316+00	{"eTag": "\\"9044530d70c5f613eb1dd4b522c2c83c\\"", "size": 111, "mimetype": "text/plain;charset=UTF-8", "cacheControl": "max-age=3600", "lastModified": "2024-11-08T20:10:14.000Z", "contentLength": 111, "httpStatusCode": 200}	f18268cd-42a4-4273-9aba-dd801a51ba32	\N	{}
9771b838-c633-4b14-8731-d4143685ff96	cabin-images	0.40952944568412475-cabin-006.jpg	\N	2024-11-09 14:27:18.24892+00	2024-11-09 14:27:18.24892+00	2024-11-09 14:27:18.24892+00	{"eTag": "\\"8d1f4e869fb13c640ed1d20cf9c95a9c\\"", "size": 262253, "mimetype": "image/jpeg", "cacheControl": "max-age=3600", "lastModified": "2024-11-09T14:27:19.000Z", "contentLength": 262253, "httpStatusCode": 200}	66f13b2d-2fbc-4d3c-b97f-9fbcfeb34580	\N	{}
ab403b09-02b4-4a67-90b3-692d4f7aeb71	cabin-images	0.12888803976834984-cabin-007.jpg	\N	2024-11-09 16:05:06.997117+00	2024-11-09 16:05:06.997117+00	2024-11-09 16:05:06.997117+00	{"eTag": "\\"7a2f383aa7f5f2a2ebc6d5310ab2ff6a\\"", "size": 231604, "mimetype": "image/jpeg", "cacheControl": "max-age=3600", "lastModified": "2024-11-09T16:05:07.000Z", "contentLength": 231604, "httpStatusCode": 200}	5da3af47-9a58-452d-a746-f1a473bbf2d3	\N	{}
c0af1884-7657-44f7-b511-14e980f2ccdc	avatars	.emptyFolderPlaceholder	\N	2024-11-23 15:31:13.913854+00	2024-11-23 15:31:13.913854+00	2024-11-23 15:31:13.913854+00	{"eTag": "\\"d41d8cd98f00b204e9800998ecf8427e\\"", "size": 0, "mimetype": "application/octet-stream", "cacheControl": "max-age=3600", "lastModified": "2024-11-23T15:31:14.000Z", "contentLength": 0, "httpStatusCode": 200}	84abd16d-1d24-487b-b4c4-943194474a6c	\N	{}
49f63b96-066f-431c-99fb-427714ce40e3	avatars	warrior-4.jpg	\N	2024-11-23 15:31:36.616843+00	2024-11-23 15:31:36.616843+00	2024-11-23 15:31:36.616843+00	{"eTag": "\\"1e97541b32886fd081d85405af77b60d-1\\"", "size": 1529760, "mimetype": "image/jpeg", "cacheControl": "max-age=3600", "lastModified": "2024-11-23T15:31:36.000Z", "contentLength": 1529760, "httpStatusCode": 200}	e679c735-18f0-40ae-938a-5a0f28e69894	\N	\N
994ca4d4-7462-4a5d-bdfe-73230ca27526	avatars	avatar-0d78dfe9-27d2-4c22-b59e-293db5ad93f0-0.04404598403159388	0d78dfe9-27d2-4c22-b59e-293db5ad93f0	2024-11-23 16:07:04.436014+00	2024-11-23 16:07:04.436014+00	2024-11-23 16:07:04.436014+00	{"eTag": "\\"76a75dcbe5c08380caa82e9339f7e880\\"", "size": 54745, "mimetype": "image/jpeg", "cacheControl": "max-age=3600", "lastModified": "2024-11-23T16:07:05.000Z", "contentLength": 54745, "httpStatusCode": 200}	be772f98-e080-4b77-addf-7af6eb484120	0d78dfe9-27d2-4c22-b59e-293db5ad93f0	{}
\.


--
-- Data for Name: s3_multipart_uploads; Type: TABLE DATA; Schema: storage; Owner: supabase_storage_admin
--

COPY storage.s3_multipart_uploads (id, in_progress_size, upload_signature, bucket_id, key, version, owner_id, created_at, user_metadata) FROM stdin;
\.


--
-- Data for Name: s3_multipart_uploads_parts; Type: TABLE DATA; Schema: storage; Owner: supabase_storage_admin
--

COPY storage.s3_multipart_uploads_parts (id, upload_id, size, part_number, bucket_id, key, etag, owner_id, version, created_at) FROM stdin;
\.


--
-- Data for Name: secrets; Type: TABLE DATA; Schema: vault; Owner: supabase_admin
--

COPY vault.secrets (id, name, description, secret, key_id, nonce, created_at, updated_at) FROM stdin;
\.


--
-- Name: refresh_tokens_id_seq; Type: SEQUENCE SET; Schema: auth; Owner: supabase_auth_admin
--

SELECT pg_catalog.setval('auth.refresh_tokens_id_seq', 97, true);


--
-- Name: key_key_id_seq; Type: SEQUENCE SET; Schema: pgsodium; Owner: supabase_admin
--

SELECT pg_catalog.setval('pgsodium.key_key_id_seq', 1, false);


--
-- Name: bookings_id_seq; Type: SEQUENCE SET; Schema: public; Owner: postgres
--

SELECT pg_catalog.setval('public.bookings_id_seq', 312, true);


--
-- Name: cabins_id_seq; Type: SEQUENCE SET; Schema: public; Owner: postgres
--

SELECT pg_catalog.setval('public.cabins_id_seq', 169, true);


--
-- Name: guests_id_seq; Type: SEQUENCE SET; Schema: public; Owner: postgres
--

SELECT pg_catalog.setval('public.guests_id_seq', 236, true);


--
-- Name: settings_id_seq; Type: SEQUENCE SET; Schema: public; Owner: postgres
--

SELECT pg_catalog.setval('public.settings_id_seq', 1, true);


--
-- Name: subscription_id_seq; Type: SEQUENCE SET; Schema: realtime; Owner: supabase_admin
--

SELECT pg_catalog.setval('realtime.subscription_id_seq', 1, false);


--
-- Name: mfa_amr_claims amr_id_pk; Type: CONSTRAINT; Schema: auth; Owner: supabase_auth_admin
--

ALTER TABLE ONLY auth.mfa_amr_claims
    ADD CONSTRAINT amr_id_pk PRIMARY KEY (id);


--
-- Name: audit_log_entries audit_log_entries_pkey; Type: CONSTRAINT; Schema: auth; Owner: supabase_auth_admin
--

ALTER TABLE ONLY auth.audit_log_entries
    ADD CONSTRAINT audit_log_entries_pkey PRIMARY KEY (id);


--
-- Name: flow_state flow_state_pkey; Type: CONSTRAINT; Schema: auth; Owner: supabase_auth_admin
--

ALTER TABLE ONLY auth.flow_state
    ADD CONSTRAINT flow_state_pkey PRIMARY KEY (id);


--
-- Name: identities identities_pkey; Type: CONSTRAINT; Schema: auth; Owner: supabase_auth_admin
--

ALTER TABLE ONLY auth.identities
    ADD CONSTRAINT identities_pkey PRIMARY KEY (id);


--
-- Name: identities identities_provider_id_provider_unique; Type: CONSTRAINT; Schema: auth; Owner: supabase_auth_admin
--

ALTER TABLE ONLY auth.identities
    ADD CONSTRAINT identities_provider_id_provider_unique UNIQUE (provider_id, provider);


--
-- Name: instances instances_pkey; Type: CONSTRAINT; Schema: auth; Owner: supabase_auth_admin
--

ALTER TABLE ONLY auth.instances
    ADD CONSTRAINT instances_pkey PRIMARY KEY (id);


--
-- Name: mfa_amr_claims mfa_amr_claims_session_id_authentication_method_pkey; Type: CONSTRAINT; Schema: auth; Owner: supabase_auth_admin
--

ALTER TABLE ONLY auth.mfa_amr_claims
    ADD CONSTRAINT mfa_amr_claims_session_id_authentication_method_pkey UNIQUE (session_id, authentication_method);


--
-- Name: mfa_challenges mfa_challenges_pkey; Type: CONSTRAINT; Schema: auth; Owner: supabase_auth_admin
--

ALTER TABLE ONLY auth.mfa_challenges
    ADD CONSTRAINT mfa_challenges_pkey PRIMARY KEY (id);


--
-- Name: mfa_factors mfa_factors_last_challenged_at_key; Type: CONSTRAINT; Schema: auth; Owner: supabase_auth_admin
--

ALTER TABLE ONLY auth.mfa_factors
    ADD CONSTRAINT mfa_factors_last_challenged_at_key UNIQUE (last_challenged_at);


--
-- Name: mfa_factors mfa_factors_pkey; Type: CONSTRAINT; Schema: auth; Owner: supabase_auth_admin
--

ALTER TABLE ONLY auth.mfa_factors
    ADD CONSTRAINT mfa_factors_pkey PRIMARY KEY (id);


--
-- Name: one_time_tokens one_time_tokens_pkey; Type: CONSTRAINT; Schema: auth; Owner: supabase_auth_admin
--

ALTER TABLE ONLY auth.one_time_tokens
    ADD CONSTRAINT one_time_tokens_pkey PRIMARY KEY (id);


--
-- Name: refresh_tokens refresh_tokens_pkey; Type: CONSTRAINT; Schema: auth; Owner: supabase_auth_admin
--

ALTER TABLE ONLY auth.refresh_tokens
    ADD CONSTRAINT refresh_tokens_pkey PRIMARY KEY (id);


--
-- Name: refresh_tokens refresh_tokens_token_unique; Type: CONSTRAINT; Schema: auth; Owner: supabase_auth_admin
--

ALTER TABLE ONLY auth.refresh_tokens
    ADD CONSTRAINT refresh_tokens_token_unique UNIQUE (token);


--
-- Name: saml_providers saml_providers_entity_id_key; Type: CONSTRAINT; Schema: auth; Owner: supabase_auth_admin
--

ALTER TABLE ONLY auth.saml_providers
    ADD CONSTRAINT saml_providers_entity_id_key UNIQUE (entity_id);


--
-- Name: saml_providers saml_providers_pkey; Type: CONSTRAINT; Schema: auth; Owner: supabase_auth_admin
--

ALTER TABLE ONLY auth.saml_providers
    ADD CONSTRAINT saml_providers_pkey PRIMARY KEY (id);


--
-- Name: saml_relay_states saml_relay_states_pkey; Type: CONSTRAINT; Schema: auth; Owner: supabase_auth_admin
--

ALTER TABLE ONLY auth.saml_relay_states
    ADD CONSTRAINT saml_relay_states_pkey PRIMARY KEY (id);


--
-- Name: schema_migrations schema_migrations_pkey; Type: CONSTRAINT; Schema: auth; Owner: supabase_auth_admin
--

ALTER TABLE ONLY auth.schema_migrations
    ADD CONSTRAINT schema_migrations_pkey PRIMARY KEY (version);


--
-- Name: sessions sessions_pkey; Type: CONSTRAINT; Schema: auth; Owner: supabase_auth_admin
--

ALTER TABLE ONLY auth.sessions
    ADD CONSTRAINT sessions_pkey PRIMARY KEY (id);


--
-- Name: sso_domains sso_domains_pkey; Type: CONSTRAINT; Schema: auth; Owner: supabase_auth_admin
--

ALTER TABLE ONLY auth.sso_domains
    ADD CONSTRAINT sso_domains_pkey PRIMARY KEY (id);


--
-- Name: sso_providers sso_providers_pkey; Type: CONSTRAINT; Schema: auth; Owner: supabase_auth_admin
--

ALTER TABLE ONLY auth.sso_providers
    ADD CONSTRAINT sso_providers_pkey PRIMARY KEY (id);


--
-- Name: users users_phone_key; Type: CONSTRAINT; Schema: auth; Owner: supabase_auth_admin
--

ALTER TABLE ONLY auth.users
    ADD CONSTRAINT users_phone_key UNIQUE (phone);


--
-- Name: users users_pkey; Type: CONSTRAINT; Schema: auth; Owner: supabase_auth_admin
--

ALTER TABLE ONLY auth.users
    ADD CONSTRAINT users_pkey PRIMARY KEY (id);


--
-- Name: bookings bookings_pkey; Type: CONSTRAINT; Schema: public; Owner: postgres
--

ALTER TABLE ONLY public.bookings
    ADD CONSTRAINT bookings_pkey PRIMARY KEY (id);


--
-- Name: cabins cabins_pkey; Type: CONSTRAINT; Schema: public; Owner: postgres
--

ALTER TABLE ONLY public.cabins
    ADD CONSTRAINT cabins_pkey PRIMARY KEY (id);


--
-- Name: guests guests_pkey; Type: CONSTRAINT; Schema: public; Owner: postgres
--

ALTER TABLE ONLY public.guests
    ADD CONSTRAINT guests_pkey PRIMARY KEY (id);


--
-- Name: settings settings_pkey; Type: CONSTRAINT; Schema: public; Owner: postgres
--

ALTER TABLE ONLY public.settings
    ADD CONSTRAINT settings_pkey PRIMARY KEY (id);


--
-- Name: messages messages_pkey; Type: CONSTRAINT; Schema: realtime; Owner: supabase_realtime_admin
--

ALTER TABLE ONLY realtime.messages
    ADD CONSTRAINT messages_pkey PRIMARY KEY (id, inserted_at);


--
-- Name: subscription pk_subscription; Type: CONSTRAINT; Schema: realtime; Owner: supabase_admin
--

ALTER TABLE ONLY realtime.subscription
    ADD CONSTRAINT pk_subscription PRIMARY KEY (id);


--
-- Name: schema_migrations schema_migrations_pkey; Type: CONSTRAINT; Schema: realtime; Owner: supabase_admin
--

ALTER TABLE ONLY realtime.schema_migrations
    ADD CONSTRAINT schema_migrations_pkey PRIMARY KEY (version);


--
-- Name: buckets buckets_pkey; Type: CONSTRAINT; Schema: storage; Owner: supabase_storage_admin
--

ALTER TABLE ONLY storage.buckets
    ADD CONSTRAINT buckets_pkey PRIMARY KEY (id);


--
-- Name: migrations migrations_name_key; Type: CONSTRAINT; Schema: storage; Owner: supabase_storage_admin
--

ALTER TABLE ONLY storage.migrations
    ADD CONSTRAINT migrations_name_key UNIQUE (name);


--
-- Name: migrations migrations_pkey; Type: CONSTRAINT; Schema: storage; Owner: supabase_storage_admin
--

ALTER TABLE ONLY storage.migrations
    ADD CONSTRAINT migrations_pkey PRIMARY KEY (id);


--
-- Name: objects objects_pkey; Type: CONSTRAINT; Schema: storage; Owner: supabase_storage_admin
--

ALTER TABLE ONLY storage.objects
    ADD CONSTRAINT objects_pkey PRIMARY KEY (id);


--
-- Name: s3_multipart_uploads_parts s3_multipart_uploads_parts_pkey; Type: CONSTRAINT; Schema: storage; Owner: supabase_storage_admin
--

ALTER TABLE ONLY storage.s3_multipart_uploads_parts
    ADD CONSTRAINT s3_multipart_uploads_parts_pkey PRIMARY KEY (id);


--
-- Name: s3_multipart_uploads s3_multipart_uploads_pkey; Type: CONSTRAINT; Schema: storage; Owner: supabase_storage_admin
--

ALTER TABLE ONLY storage.s3_multipart_uploads
    ADD CONSTRAINT s3_multipart_uploads_pkey PRIMARY KEY (id);


--
-- Name: audit_logs_instance_id_idx; Type: INDEX; Schema: auth; Owner: supabase_auth_admin
--

CREATE INDEX audit_logs_instance_id_idx ON auth.audit_log_entries USING btree (instance_id);


--
-- Name: confirmation_token_idx; Type: INDEX; Schema: auth; Owner: supabase_auth_admin
--

CREATE UNIQUE INDEX confirmation_token_idx ON auth.users USING btree (confirmation_token) WHERE ((confirmation_token)::text !~ '^[0-9 ]*$'::text);


--
-- Name: email_change_token_current_idx; Type: INDEX; Schema: auth; Owner: supabase_auth_admin
--

CREATE UNIQUE INDEX email_change_token_current_idx ON auth.users USING btree (email_change_token_current) WHERE ((email_change_token_current)::text !~ '^[0-9 ]*$'::text);


--
-- Name: email_change_token_new_idx; Type: INDEX; Schema: auth; Owner: supabase_auth_admin
--

CREATE UNIQUE INDEX email_change_token_new_idx ON auth.users USING btree (email_change_token_new) WHERE ((email_change_token_new)::text !~ '^[0-9 ]*$'::text);


--
-- Name: factor_id_created_at_idx; Type: INDEX; Schema: auth; Owner: supabase_auth_admin
--

CREATE INDEX factor_id_created_at_idx ON auth.mfa_factors USING btree (user_id, created_at);


--
-- Name: flow_state_created_at_idx; Type: INDEX; Schema: auth; Owner: supabase_auth_admin
--

CREATE INDEX flow_state_created_at_idx ON auth.flow_state USING btree (created_at DESC);


--
-- Name: identities_email_idx; Type: INDEX; Schema: auth; Owner: supabase_auth_admin
--

CREATE INDEX identities_email_idx ON auth.identities USING btree (email text_pattern_ops);


--
-- Name: INDEX identities_email_idx; Type: COMMENT; Schema: auth; Owner: supabase_auth_admin
--

COMMENT ON INDEX auth.identities_email_idx IS 'Auth: Ensures indexed queries on the email column';


--
-- Name: identities_user_id_idx; Type: INDEX; Schema: auth; Owner: supabase_auth_admin
--

CREATE INDEX identities_user_id_idx ON auth.identities USING btree (user_id);


--
-- Name: idx_auth_code; Type: INDEX; Schema: auth; Owner: supabase_auth_admin
--

CREATE INDEX idx_auth_code ON auth.flow_state USING btree (auth_code);


--
-- Name: idx_user_id_auth_method; Type: INDEX; Schema: auth; Owner: supabase_auth_admin
--

CREATE INDEX idx_user_id_auth_method ON auth.flow_state USING btree (user_id, authentication_method);


--
-- Name: mfa_challenge_created_at_idx; Type: INDEX; Schema: auth; Owner: supabase_auth_admin
--

CREATE INDEX mfa_challenge_created_at_idx ON auth.mfa_challenges USING btree (created_at DESC);


--
-- Name: mfa_factors_user_friendly_name_unique; Type: INDEX; Schema: auth; Owner: supabase_auth_admin
--

CREATE UNIQUE INDEX mfa_factors_user_friendly_name_unique ON auth.mfa_factors USING btree (friendly_name, user_id) WHERE (TRIM(BOTH FROM friendly_name) <> ''::text);


--
-- Name: mfa_factors_user_id_idx; Type: INDEX; Schema: auth; Owner: supabase_auth_admin
--

CREATE INDEX mfa_factors_user_id_idx ON auth.mfa_factors USING btree (user_id);


--
-- Name: one_time_tokens_relates_to_hash_idx; Type: INDEX; Schema: auth; Owner: supabase_auth_admin
--

CREATE INDEX one_time_tokens_relates_to_hash_idx ON auth.one_time_tokens USING hash (relates_to);


--
-- Name: one_time_tokens_token_hash_hash_idx; Type: INDEX; Schema: auth; Owner: supabase_auth_admin
--

CREATE INDEX one_time_tokens_token_hash_hash_idx ON auth.one_time_tokens USING hash (token_hash);


--
-- Name: one_time_tokens_user_id_token_type_key; Type: INDEX; Schema: auth; Owner: supabase_auth_admin
--

CREATE UNIQUE INDEX one_time_tokens_user_id_token_type_key ON auth.one_time_tokens USING btree (user_id, token_type);


--
-- Name: reauthentication_token_idx; Type: INDEX; Schema: auth; Owner: supabase_auth_admin
--

CREATE UNIQUE INDEX reauthentication_token_idx ON auth.users USING btree (reauthentication_token) WHERE ((reauthentication_token)::text !~ '^[0-9 ]*$'::text);


--
-- Name: recovery_token_idx; Type: INDEX; Schema: auth; Owner: supabase_auth_admin
--

CREATE UNIQUE INDEX recovery_token_idx ON auth.users USING btree (recovery_token) WHERE ((recovery_token)::text !~ '^[0-9 ]*$'::text);


--
-- Name: refresh_tokens_instance_id_idx; Type: INDEX; Schema: auth; Owner: supabase_auth_admin
--

CREATE INDEX refresh_tokens_instance_id_idx ON auth.refresh_tokens USING btree (instance_id);


--
-- Name: refresh_tokens_instance_id_user_id_idx; Type: INDEX; Schema: auth; Owner: supabase_auth_admin
--

CREATE INDEX refresh_tokens_instance_id_user_id_idx ON auth.refresh_tokens USING btree (instance_id, user_id);


--
-- Name: refresh_tokens_parent_idx; Type: INDEX; Schema: auth; Owner: supabase_auth_admin
--

CREATE INDEX refresh_tokens_parent_idx ON auth.refresh_tokens USING btree (parent);


--
-- Name: refresh_tokens_session_id_revoked_idx; Type: INDEX; Schema: auth; Owner: supabase_auth_admin
--

CREATE INDEX refresh_tokens_session_id_revoked_idx ON auth.refresh_tokens USING btree (session_id, revoked);


--
-- Name: refresh_tokens_updated_at_idx; Type: INDEX; Schema: auth; Owner: supabase_auth_admin
--

CREATE INDEX refresh_tokens_updated_at_idx ON auth.refresh_tokens USING btree (updated_at DESC);


--
-- Name: saml_providers_sso_provider_id_idx; Type: INDEX; Schema: auth; Owner: supabase_auth_admin
--

CREATE INDEX saml_providers_sso_provider_id_idx ON auth.saml_providers USING btree (sso_provider_id);


--
-- Name: saml_relay_states_created_at_idx; Type: INDEX; Schema: auth; Owner: supabase_auth_admin
--

CREATE INDEX saml_relay_states_created_at_idx ON auth.saml_relay_states USING btree (created_at DESC);


--
-- Name: saml_relay_states_for_email_idx; Type: INDEX; Schema: auth; Owner: supabase_auth_admin
--

CREATE INDEX saml_relay_states_for_email_idx ON auth.saml_relay_states USING btree (for_email);


--
-- Name: saml_relay_states_sso_provider_id_idx; Type: INDEX; Schema: auth; Owner: supabase_auth_admin
--

CREATE INDEX saml_relay_states_sso_provider_id_idx ON auth.saml_relay_states USING btree (sso_provider_id);


--
-- Name: sessions_not_after_idx; Type: INDEX; Schema: auth; Owner: supabase_auth_admin
--

CREATE INDEX sessions_not_after_idx ON auth.sessions USING btree (not_after DESC);


--
-- Name: sessions_user_id_idx; Type: INDEX; Schema: auth; Owner: supabase_auth_admin
--

CREATE INDEX sessions_user_id_idx ON auth.sessions USING btree (user_id);


--
-- Name: sso_domains_domain_idx; Type: INDEX; Schema: auth; Owner: supabase_auth_admin
--

CREATE UNIQUE INDEX sso_domains_domain_idx ON auth.sso_domains USING btree (lower(domain));


--
-- Name: sso_domains_sso_provider_id_idx; Type: INDEX; Schema: auth; Owner: supabase_auth_admin
--

CREATE INDEX sso_domains_sso_provider_id_idx ON auth.sso_domains USING btree (sso_provider_id);


--
-- Name: sso_providers_resource_id_idx; Type: INDEX; Schema: auth; Owner: supabase_auth_admin
--

CREATE UNIQUE INDEX sso_providers_resource_id_idx ON auth.sso_providers USING btree (lower(resource_id));


--
-- Name: unique_phone_factor_per_user; Type: INDEX; Schema: auth; Owner: supabase_auth_admin
--

CREATE UNIQUE INDEX unique_phone_factor_per_user ON auth.mfa_factors USING btree (user_id, phone);


--
-- Name: user_id_created_at_idx; Type: INDEX; Schema: auth; Owner: supabase_auth_admin
--

CREATE INDEX user_id_created_at_idx ON auth.sessions USING btree (user_id, created_at);


--
-- Name: users_email_partial_key; Type: INDEX; Schema: auth; Owner: supabase_auth_admin
--

CREATE UNIQUE INDEX users_email_partial_key ON auth.users USING btree (email) WHERE (is_sso_user = false);


--
-- Name: INDEX users_email_partial_key; Type: COMMENT; Schema: auth; Owner: supabase_auth_admin
--

COMMENT ON INDEX auth.users_email_partial_key IS 'Auth: A partial unique index that applies only when is_sso_user is false';


--
-- Name: users_instance_id_email_idx; Type: INDEX; Schema: auth; Owner: supabase_auth_admin
--

CREATE INDEX users_instance_id_email_idx ON auth.users USING btree (instance_id, lower((email)::text));


--
-- Name: users_instance_id_idx; Type: INDEX; Schema: auth; Owner: supabase_auth_admin
--

CREATE INDEX users_instance_id_idx ON auth.users USING btree (instance_id);


--
-- Name: users_is_anonymous_idx; Type: INDEX; Schema: auth; Owner: supabase_auth_admin
--

CREATE INDEX users_is_anonymous_idx ON auth.users USING btree (is_anonymous);


--
-- Name: ix_realtime_subscription_entity; Type: INDEX; Schema: realtime; Owner: supabase_admin
--

CREATE INDEX ix_realtime_subscription_entity ON realtime.subscription USING btree (entity);


--
-- Name: subscription_subscription_id_entity_filters_key; Type: INDEX; Schema: realtime; Owner: supabase_admin
--

CREATE UNIQUE INDEX subscription_subscription_id_entity_filters_key ON realtime.subscription USING btree (subscription_id, entity, filters);


--
-- Name: bname; Type: INDEX; Schema: storage; Owner: supabase_storage_admin
--

CREATE UNIQUE INDEX bname ON storage.buckets USING btree (name);


--
-- Name: bucketid_objname; Type: INDEX; Schema: storage; Owner: supabase_storage_admin
--

CREATE UNIQUE INDEX bucketid_objname ON storage.objects USING btree (bucket_id, name);


--
-- Name: idx_multipart_uploads_list; Type: INDEX; Schema: storage; Owner: supabase_storage_admin
--

CREATE INDEX idx_multipart_uploads_list ON storage.s3_multipart_uploads USING btree (bucket_id, key, created_at);


--
-- Name: idx_objects_bucket_id_name; Type: INDEX; Schema: storage; Owner: supabase_storage_admin
--

CREATE INDEX idx_objects_bucket_id_name ON storage.objects USING btree (bucket_id, name COLLATE "C");


--
-- Name: name_prefix_search; Type: INDEX; Schema: storage; Owner: supabase_storage_admin
--

CREATE INDEX name_prefix_search ON storage.objects USING btree (name text_pattern_ops);


--
-- Name: subscription tr_check_filters; Type: TRIGGER; Schema: realtime; Owner: supabase_admin
--

CREATE TRIGGER tr_check_filters BEFORE INSERT OR UPDATE ON realtime.subscription FOR EACH ROW EXECUTE FUNCTION realtime.subscription_check_filters();


--
-- Name: objects update_objects_updated_at; Type: TRIGGER; Schema: storage; Owner: supabase_storage_admin
--

CREATE TRIGGER update_objects_updated_at BEFORE UPDATE ON storage.objects FOR EACH ROW EXECUTE FUNCTION storage.update_updated_at_column();


--
-- Name: identities identities_user_id_fkey; Type: FK CONSTRAINT; Schema: auth; Owner: supabase_auth_admin
--

ALTER TABLE ONLY auth.identities
    ADD CONSTRAINT identities_user_id_fkey FOREIGN KEY (user_id) REFERENCES auth.users(id) ON DELETE CASCADE;


--
-- Name: mfa_amr_claims mfa_amr_claims_session_id_fkey; Type: FK CONSTRAINT; Schema: auth; Owner: supabase_auth_admin
--

ALTER TABLE ONLY auth.mfa_amr_claims
    ADD CONSTRAINT mfa_amr_claims_session_id_fkey FOREIGN KEY (session_id) REFERENCES auth.sessions(id) ON DELETE CASCADE;


--
-- Name: mfa_challenges mfa_challenges_auth_factor_id_fkey; Type: FK CONSTRAINT; Schema: auth; Owner: supabase_auth_admin
--

ALTER TABLE ONLY auth.mfa_challenges
    ADD CONSTRAINT mfa_challenges_auth_factor_id_fkey FOREIGN KEY (factor_id) REFERENCES auth.mfa_factors(id) ON DELETE CASCADE;


--
-- Name: mfa_factors mfa_factors_user_id_fkey; Type: FK CONSTRAINT; Schema: auth; Owner: supabase_auth_admin
--

ALTER TABLE ONLY auth.mfa_factors
    ADD CONSTRAINT mfa_factors_user_id_fkey FOREIGN KEY (user_id) REFERENCES auth.users(id) ON DELETE CASCADE;


--
-- Name: one_time_tokens one_time_tokens_user_id_fkey; Type: FK CONSTRAINT; Schema: auth; Owner: supabase_auth_admin
--

ALTER TABLE ONLY auth.one_time_tokens
    ADD CONSTRAINT one_time_tokens_user_id_fkey FOREIGN KEY (user_id) REFERENCES auth.users(id) ON DELETE CASCADE;


--
-- Name: refresh_tokens refresh_tokens_session_id_fkey; Type: FK CONSTRAINT; Schema: auth; Owner: supabase_auth_admin
--

ALTER TABLE ONLY auth.refresh_tokens
    ADD CONSTRAINT refresh_tokens_session_id_fkey FOREIGN KEY (session_id) REFERENCES auth.sessions(id) ON DELETE CASCADE;


--
-- Name: saml_providers saml_providers_sso_provider_id_fkey; Type: FK CONSTRAINT; Schema: auth; Owner: supabase_auth_admin
--

ALTER TABLE ONLY auth.saml_providers
    ADD CONSTRAINT saml_providers_sso_provider_id_fkey FOREIGN KEY (sso_provider_id) REFERENCES auth.sso_providers(id) ON DELETE CASCADE;


--
-- Name: saml_relay_states saml_relay_states_flow_state_id_fkey; Type: FK CONSTRAINT; Schema: auth; Owner: supabase_auth_admin
--

ALTER TABLE ONLY auth.saml_relay_states
    ADD CONSTRAINT saml_relay_states_flow_state_id_fkey FOREIGN KEY (flow_state_id) REFERENCES auth.flow_state(id) ON DELETE CASCADE;


--
-- Name: saml_relay_states saml_relay_states_sso_provider_id_fkey; Type: FK CONSTRAINT; Schema: auth; Owner: supabase_auth_admin
--

ALTER TABLE ONLY auth.saml_relay_states
    ADD CONSTRAINT saml_relay_states_sso_provider_id_fkey FOREIGN KEY (sso_provider_id) REFERENCES auth.sso_providers(id) ON DELETE CASCADE;


--
-- Name: sessions sessions_user_id_fkey; Type: FK CONSTRAINT; Schema: auth; Owner: supabase_auth_admin
--

ALTER TABLE ONLY auth.sessions
    ADD CONSTRAINT sessions_user_id_fkey FOREIGN KEY (user_id) REFERENCES auth.users(id) ON DELETE CASCADE;


--
-- Name: sso_domains sso_domains_sso_provider_id_fkey; Type: FK CONSTRAINT; Schema: auth; Owner: supabase_auth_admin
--

ALTER TABLE ONLY auth.sso_domains
    ADD CONSTRAINT sso_domains_sso_provider_id_fkey FOREIGN KEY (sso_provider_id) REFERENCES auth.sso_providers(id) ON DELETE CASCADE;


--
-- Name: bookings bookings_cabinId_fkey; Type: FK CONSTRAINT; Schema: public; Owner: postgres
--

ALTER TABLE ONLY public.bookings
    ADD CONSTRAINT "bookings_cabinId_fkey" FOREIGN KEY ("cabinId") REFERENCES public.cabins(id);


--
-- Name: bookings bookings_guestId_fkey; Type: FK CONSTRAINT; Schema: public; Owner: postgres
--

ALTER TABLE ONLY public.bookings
    ADD CONSTRAINT "bookings_guestId_fkey" FOREIGN KEY ("guestId") REFERENCES public.guests(id);


--
-- Name: objects objects_bucketId_fkey; Type: FK CONSTRAINT; Schema: storage; Owner: supabase_storage_admin
--

ALTER TABLE ONLY storage.objects
    ADD CONSTRAINT "objects_bucketId_fkey" FOREIGN KEY (bucket_id) REFERENCES storage.buckets(id);


--
-- Name: s3_multipart_uploads s3_multipart_uploads_bucket_id_fkey; Type: FK CONSTRAINT; Schema: storage; Owner: supabase_storage_admin
--

ALTER TABLE ONLY storage.s3_multipart_uploads
    ADD CONSTRAINT s3_multipart_uploads_bucket_id_fkey FOREIGN KEY (bucket_id) REFERENCES storage.buckets(id);


--
-- Name: s3_multipart_uploads_parts s3_multipart_uploads_parts_bucket_id_fkey; Type: FK CONSTRAINT; Schema: storage; Owner: supabase_storage_admin
--

ALTER TABLE ONLY storage.s3_multipart_uploads_parts
    ADD CONSTRAINT s3_multipart_uploads_parts_bucket_id_fkey FOREIGN KEY (bucket_id) REFERENCES storage.buckets(id);


--
-- Name: s3_multipart_uploads_parts s3_multipart_uploads_parts_upload_id_fkey; Type: FK CONSTRAINT; Schema: storage; Owner: supabase_storage_admin
--

ALTER TABLE ONLY storage.s3_multipart_uploads_parts
    ADD CONSTRAINT s3_multipart_uploads_parts_upload_id_fkey FOREIGN KEY (upload_id) REFERENCES storage.s3_multipart_uploads(id) ON DELETE CASCADE;


--
-- Name: audit_log_entries; Type: ROW SECURITY; Schema: auth; Owner: supabase_auth_admin
--

ALTER TABLE auth.audit_log_entries ENABLE ROW LEVEL SECURITY;

--
-- Name: flow_state; Type: ROW SECURITY; Schema: auth; Owner: supabase_auth_admin
--

ALTER TABLE auth.flow_state ENABLE ROW LEVEL SECURITY;

--
-- Name: identities; Type: ROW SECURITY; Schema: auth; Owner: supabase_auth_admin
--

ALTER TABLE auth.identities ENABLE ROW LEVEL SECURITY;

--
-- Name: instances; Type: ROW SECURITY; Schema: auth; Owner: supabase_auth_admin
--

ALTER TABLE auth.instances ENABLE ROW LEVEL SECURITY;

--
-- Name: mfa_amr_claims; Type: ROW SECURITY; Schema: auth; Owner: supabase_auth_admin
--

ALTER TABLE auth.mfa_amr_claims ENABLE ROW LEVEL SECURITY;

--
-- Name: mfa_challenges; Type: ROW SECURITY; Schema: auth; Owner: supabase_auth_admin
--

ALTER TABLE auth.mfa_challenges ENABLE ROW LEVEL SECURITY;

--
-- Name: mfa_factors; Type: ROW SECURITY; Schema: auth; Owner: supabase_auth_admin
--

ALTER TABLE auth.mfa_factors ENABLE ROW LEVEL SECURITY;

--
-- Name: one_time_tokens; Type: ROW SECURITY; Schema: auth; Owner: supabase_auth_admin
--

ALTER TABLE auth.one_time_tokens ENABLE ROW LEVEL SECURITY;

--
-- Name: refresh_tokens; Type: ROW SECURITY; Schema: auth; Owner: supabase_auth_admin
--

ALTER TABLE auth.refresh_tokens ENABLE ROW LEVEL SECURITY;

--
-- Name: saml_providers; Type: ROW SECURITY; Schema: auth; Owner: supabase_auth_admin
--

ALTER TABLE auth.saml_providers ENABLE ROW LEVEL SECURITY;

--
-- Name: saml_relay_states; Type: ROW SECURITY; Schema: auth; Owner: supabase_auth_admin
--

ALTER TABLE auth.saml_relay_states ENABLE ROW LEVEL SECURITY;

--
-- Name: schema_migrations; Type: ROW SECURITY; Schema: auth; Owner: supabase_auth_admin
--

ALTER TABLE auth.schema_migrations ENABLE ROW LEVEL SECURITY;

--
-- Name: sessions; Type: ROW SECURITY; Schema: auth; Owner: supabase_auth_admin
--

ALTER TABLE auth.sessions ENABLE ROW LEVEL SECURITY;

--
-- Name: sso_domains; Type: ROW SECURITY; Schema: auth; Owner: supabase_auth_admin
--

ALTER TABLE auth.sso_domains ENABLE ROW LEVEL SECURITY;

--
-- Name: sso_providers; Type: ROW SECURITY; Schema: auth; Owner: supabase_auth_admin
--

ALTER TABLE auth.sso_providers ENABLE ROW LEVEL SECURITY;

--
-- Name: users; Type: ROW SECURITY; Schema: auth; Owner: supabase_auth_admin
--

ALTER TABLE auth.users ENABLE ROW LEVEL SECURITY;

--
-- Name: bookings Enable CRUD access for all users; Type: POLICY; Schema: public; Owner: postgres
--

CREATE POLICY "Enable CRUD access for all users" ON public.bookings TO authenticated USING (true) WITH CHECK (true);


--
-- Name: guests Enable CRUD access for all users; Type: POLICY; Schema: public; Owner: postgres
--

CREATE POLICY "Enable CRUD access for all users" ON public.guests TO authenticated USING (true) WITH CHECK (true);


--
-- Name: cabins Enable delete access for all users; Type: POLICY; Schema: public; Owner: postgres
--

CREATE POLICY "Enable delete access for all users" ON public.cabins FOR DELETE TO authenticated USING (true);


--
-- Name: cabins Enable insert access for all users; Type: POLICY; Schema: public; Owner: postgres
--

CREATE POLICY "Enable insert access for all users" ON public.cabins FOR INSERT TO authenticated WITH CHECK (true);


--
-- Name: bookings Enable read access for all users; Type: POLICY; Schema: public; Owner: postgres
--

CREATE POLICY "Enable read access for all users" ON public.bookings FOR SELECT TO authenticated USING (true);


--
-- Name: cabins Enable read access for all users; Type: POLICY; Schema: public; Owner: postgres
--

CREATE POLICY "Enable read access for all users" ON public.cabins FOR SELECT TO authenticated USING (true);


--
-- Name: guests Enable read access for all users; Type: POLICY; Schema: public; Owner: postgres
--

CREATE POLICY "Enable read access for all users" ON public.guests FOR SELECT TO authenticated USING (true);


--
-- Name: settings Enable read access for all users; Type: POLICY; Schema: public; Owner: postgres
--

CREATE POLICY "Enable read access for all users" ON public.settings FOR SELECT TO authenticated USING (true);


--
-- Name: cabins Enable update access for all users; Type: POLICY; Schema: public; Owner: postgres
--

CREATE POLICY "Enable update access for all users" ON public.cabins FOR UPDATE TO authenticated USING (true);


--
-- Name: settings Enable update access for all users; Type: POLICY; Schema: public; Owner: postgres
--

CREATE POLICY "Enable update access for all users" ON public.settings FOR UPDATE TO authenticated USING (true);


--
-- Name: bookings; Type: ROW SECURITY; Schema: public; Owner: postgres
--

ALTER TABLE public.bookings ENABLE ROW LEVEL SECURITY;

--
-- Name: cabins; Type: ROW SECURITY; Schema: public; Owner: postgres
--

ALTER TABLE public.cabins ENABLE ROW LEVEL SECURITY;

--
-- Name: guests; Type: ROW SECURITY; Schema: public; Owner: postgres
--

ALTER TABLE public.guests ENABLE ROW LEVEL SECURITY;

--
-- Name: settings; Type: ROW SECURITY; Schema: public; Owner: postgres
--

ALTER TABLE public.settings ENABLE ROW LEVEL SECURITY;

--
-- Name: messages; Type: ROW SECURITY; Schema: realtime; Owner: supabase_realtime_admin
--

ALTER TABLE realtime.messages ENABLE ROW LEVEL SECURITY;

--
-- Name: objects Allow All Operations qy2d3w_0; Type: POLICY; Schema: storage; Owner: supabase_storage_admin
--

CREATE POLICY "Allow All Operations qy2d3w_0" ON storage.objects FOR SELECT TO authenticated USING ((bucket_id = 'cabin-images'::text));


--
-- Name: objects Allow All Operations qy2d3w_1; Type: POLICY; Schema: storage; Owner: supabase_storage_admin
--

CREATE POLICY "Allow All Operations qy2d3w_1" ON storage.objects FOR INSERT TO authenticated WITH CHECK ((bucket_id = 'cabin-images'::text));


--
-- Name: objects Allow All Operations qy2d3w_2; Type: POLICY; Schema: storage; Owner: supabase_storage_admin
--

CREATE POLICY "Allow All Operations qy2d3w_2" ON storage.objects FOR UPDATE TO authenticated USING ((bucket_id = 'cabin-images'::text));


--
-- Name: objects Allow All Operations qy2d3w_3; Type: POLICY; Schema: storage; Owner: supabase_storage_admin
--

CREATE POLICY "Allow All Operations qy2d3w_3" ON storage.objects FOR DELETE TO authenticated USING ((bucket_id = 'cabin-images'::text));


--
-- Name: objects Allow CRUD access for auth users 1oj01fe_0; Type: POLICY; Schema: storage; Owner: supabase_storage_admin
--

CREATE POLICY "Allow CRUD access for auth users 1oj01fe_0" ON storage.objects FOR SELECT TO authenticated USING ((bucket_id = 'avatars'::text));


--
-- Name: objects Allow CRUD access for auth users 1oj01fe_1; Type: POLICY; Schema: storage; Owner: supabase_storage_admin
--

CREATE POLICY "Allow CRUD access for auth users 1oj01fe_1" ON storage.objects FOR INSERT TO authenticated WITH CHECK ((bucket_id = 'avatars'::text));


--
-- Name: objects Allow CRUD access for auth users 1oj01fe_2; Type: POLICY; Schema: storage; Owner: supabase_storage_admin
--

CREATE POLICY "Allow CRUD access for auth users 1oj01fe_2" ON storage.objects FOR UPDATE TO authenticated USING ((bucket_id = 'avatars'::text));


--
-- Name: objects Allow CRUD access for auth users 1oj01fe_3; Type: POLICY; Schema: storage; Owner: supabase_storage_admin
--

CREATE POLICY "Allow CRUD access for auth users 1oj01fe_3" ON storage.objects FOR DELETE TO authenticated USING ((bucket_id = 'avatars'::text));


--
-- Name: buckets; Type: ROW SECURITY; Schema: storage; Owner: supabase_storage_admin
--

ALTER TABLE storage.buckets ENABLE ROW LEVEL SECURITY;

--
-- Name: migrations; Type: ROW SECURITY; Schema: storage; Owner: supabase_storage_admin
--

ALTER TABLE storage.migrations ENABLE ROW LEVEL SECURITY;

--
-- Name: objects; Type: ROW SECURITY; Schema: storage; Owner: supabase_storage_admin
--

ALTER TABLE storage.objects ENABLE ROW LEVEL SECURITY;

--
-- Name: s3_multipart_uploads; Type: ROW SECURITY; Schema: storage; Owner: supabase_storage_admin
--

ALTER TABLE storage.s3_multipart_uploads ENABLE ROW LEVEL SECURITY;

--
-- Name: s3_multipart_uploads_parts; Type: ROW SECURITY; Schema: storage; Owner: supabase_storage_admin
--

ALTER TABLE storage.s3_multipart_uploads_parts ENABLE ROW LEVEL SECURITY;

--
-- Name: supabase_realtime; Type: PUBLICATION; Schema: -; Owner: postgres
--

CREATE PUBLICATION supabase_realtime WITH (publish = 'insert, update, delete, truncate');


ALTER PUBLICATION supabase_realtime OWNER TO postgres;

--
-- Name: SCHEMA auth; Type: ACL; Schema: -; Owner: supabase_admin
--

GRANT USAGE ON SCHEMA auth TO anon;
GRANT USAGE ON SCHEMA auth TO authenticated;
GRANT USAGE ON SCHEMA auth TO service_role;
GRANT ALL ON SCHEMA auth TO supabase_auth_admin;
GRANT ALL ON SCHEMA auth TO dashboard_user;
GRANT ALL ON SCHEMA auth TO postgres;


--
-- Name: SCHEMA extensions; Type: ACL; Schema: -; Owner: postgres
--

GRANT USAGE ON SCHEMA extensions TO anon;
GRANT USAGE ON SCHEMA extensions TO authenticated;
GRANT USAGE ON SCHEMA extensions TO service_role;
GRANT ALL ON SCHEMA extensions TO dashboard_user;


--
-- Name: SCHEMA public; Type: ACL; Schema: -; Owner: pg_database_owner
--

GRANT USAGE ON SCHEMA public TO postgres;
GRANT USAGE ON SCHEMA public TO anon;
GRANT USAGE ON SCHEMA public TO authenticated;
GRANT USAGE ON SCHEMA public TO service_role;


--
-- Name: SCHEMA realtime; Type: ACL; Schema: -; Owner: supabase_admin
--

GRANT USAGE ON SCHEMA realtime TO postgres;
GRANT USAGE ON SCHEMA realtime TO anon;
GRANT USAGE ON SCHEMA realtime TO authenticated;
GRANT USAGE ON SCHEMA realtime TO service_role;
GRANT ALL ON SCHEMA realtime TO supabase_realtime_admin;


--
-- Name: SCHEMA storage; Type: ACL; Schema: -; Owner: supabase_admin
--

GRANT ALL ON SCHEMA storage TO postgres;
GRANT USAGE ON SCHEMA storage TO anon;
GRANT USAGE ON SCHEMA storage TO authenticated;
GRANT USAGE ON SCHEMA storage TO service_role;
GRANT ALL ON SCHEMA storage TO supabase_storage_admin;
GRANT ALL ON SCHEMA storage TO dashboard_user;


--
-- Name: FUNCTION email(); Type: ACL; Schema: auth; Owner: supabase_auth_admin
--

GRANT ALL ON FUNCTION auth.email() TO dashboard_user;


--
-- Name: FUNCTION jwt(); Type: ACL; Schema: auth; Owner: supabase_auth_admin
--

GRANT ALL ON FUNCTION auth.jwt() TO postgres;
GRANT ALL ON FUNCTION auth.jwt() TO dashboard_user;


--
-- Name: FUNCTION role(); Type: ACL; Schema: auth; Owner: supabase_auth_admin
--

GRANT ALL ON FUNCTION auth.role() TO dashboard_user;


--
-- Name: FUNCTION uid(); Type: ACL; Schema: auth; Owner: supabase_auth_admin
--

GRANT ALL ON FUNCTION auth.uid() TO dashboard_user;


--
-- Name: FUNCTION algorithm_sign(signables text, secret text, algorithm text); Type: ACL; Schema: extensions; Owner: postgres
--

REVOKE ALL ON FUNCTION extensions.algorithm_sign(signables text, secret text, algorithm text) FROM postgres;
GRANT ALL ON FUNCTION extensions.algorithm_sign(signables text, secret text, algorithm text) TO postgres WITH GRANT OPTION;
GRANT ALL ON FUNCTION extensions.algorithm_sign(signables text, secret text, algorithm text) TO dashboard_user;


--
-- Name: FUNCTION armor(bytea); Type: ACL; Schema: extensions; Owner: postgres
--

REVOKE ALL ON FUNCTION extensions.armor(bytea) FROM postgres;
GRANT ALL ON FUNCTION extensions.armor(bytea) TO postgres WITH GRANT OPTION;
GRANT ALL ON FUNCTION extensions.armor(bytea) TO dashboard_user;


--
-- Name: FUNCTION armor(bytea, text[], text[]); Type: ACL; Schema: extensions; Owner: postgres
--

REVOKE ALL ON FUNCTION extensions.armor(bytea, text[], text[]) FROM postgres;
GRANT ALL ON FUNCTION extensions.armor(bytea, text[], text[]) TO postgres WITH GRANT OPTION;
GRANT ALL ON FUNCTION extensions.armor(bytea, text[], text[]) TO dashboard_user;


--
-- Name: FUNCTION crypt(text, text); Type: ACL; Schema: extensions; Owner: postgres
--

REVOKE ALL ON FUNCTION extensions.crypt(text, text) FROM postgres;
GRANT ALL ON FUNCTION extensions.crypt(text, text) TO postgres WITH GRANT OPTION;
GRANT ALL ON FUNCTION extensions.crypt(text, text) TO dashboard_user;


--
-- Name: FUNCTION dearmor(text); Type: ACL; Schema: extensions; Owner: postgres
--

REVOKE ALL ON FUNCTION extensions.dearmor(text) FROM postgres;
GRANT ALL ON FUNCTION extensions.dearmor(text) TO postgres WITH GRANT OPTION;
GRANT ALL ON FUNCTION extensions.dearmor(text) TO dashboard_user;


--
-- Name: FUNCTION decrypt(bytea, bytea, text); Type: ACL; Schema: extensions; Owner: postgres
--

REVOKE ALL ON FUNCTION extensions.decrypt(bytea, bytea, text) FROM postgres;
GRANT ALL ON FUNCTION extensions.decrypt(bytea, bytea, text) TO postgres WITH GRANT OPTION;
GRANT ALL ON FUNCTION extensions.decrypt(bytea, bytea, text) TO dashboard_user;


--
-- Name: FUNCTION decrypt_iv(bytea, bytea, bytea, text); Type: ACL; Schema: extensions; Owner: postgres
--

REVOKE ALL ON FUNCTION extensions.decrypt_iv(bytea, bytea, bytea, text) FROM postgres;
GRANT ALL ON FUNCTION extensions.decrypt_iv(bytea, bytea, bytea, text) TO postgres WITH GRANT OPTION;
GRANT ALL ON FUNCTION extensions.decrypt_iv(bytea, bytea, bytea, text) TO dashboard_user;


--
-- Name: FUNCTION digest(bytea, text); Type: ACL; Schema: extensions; Owner: postgres
--

REVOKE ALL ON FUNCTION extensions.digest(bytea, text) FROM postgres;
GRANT ALL ON FUNCTION extensions.digest(bytea, text) TO postgres WITH GRANT OPTION;
GRANT ALL ON FUNCTION extensions.digest(bytea, text) TO dashboard_user;


--
-- Name: FUNCTION digest(text, text); Type: ACL; Schema: extensions; Owner: postgres
--

REVOKE ALL ON FUNCTION extensions.digest(text, text) FROM postgres;
GRANT ALL ON FUNCTION extensions.digest(text, text) TO postgres WITH GRANT OPTION;
GRANT ALL ON FUNCTION extensions.digest(text, text) TO dashboard_user;


--
-- Name: FUNCTION encrypt(bytea, bytea, text); Type: ACL; Schema: extensions; Owner: postgres
--

REVOKE ALL ON FUNCTION extensions.encrypt(bytea, bytea, text) FROM postgres;
GRANT ALL ON FUNCTION extensions.encrypt(bytea, bytea, text) TO postgres WITH GRANT OPTION;
GRANT ALL ON FUNCTION extensions.encrypt(bytea, bytea, text) TO dashboard_user;


--
-- Name: FUNCTION encrypt_iv(bytea, bytea, bytea, text); Type: ACL; Schema: extensions; Owner: postgres
--

REVOKE ALL ON FUNCTION extensions.encrypt_iv(bytea, bytea, bytea, text) FROM postgres;
GRANT ALL ON FUNCTION extensions.encrypt_iv(bytea, bytea, bytea, text) TO postgres WITH GRANT OPTION;
GRANT ALL ON FUNCTION extensions.encrypt_iv(bytea, bytea, bytea, text) TO dashboard_user;


--
-- Name: FUNCTION gen_random_bytes(integer); Type: ACL; Schema: extensions; Owner: postgres
--

REVOKE ALL ON FUNCTION extensions.gen_random_bytes(integer) FROM postgres;
GRANT ALL ON FUNCTION extensions.gen_random_bytes(integer) TO postgres WITH GRANT OPTION;
GRANT ALL ON FUNCTION extensions.gen_random_bytes(integer) TO dashboard_user;


--
-- Name: FUNCTION gen_random_uuid(); Type: ACL; Schema: extensions; Owner: postgres
--

REVOKE ALL ON FUNCTION extensions.gen_random_uuid() FROM postgres;
GRANT ALL ON FUNCTION extensions.gen_random_uuid() TO postgres WITH GRANT OPTION;
GRANT ALL ON FUNCTION extensions.gen_random_uuid() TO dashboard_user;


--
-- Name: FUNCTION gen_salt(text); Type: ACL; Schema: extensions; Owner: postgres
--

REVOKE ALL ON FUNCTION extensions.gen_salt(text) FROM postgres;
GRANT ALL ON FUNCTION extensions.gen_salt(text) TO postgres WITH GRANT OPTION;
GRANT ALL ON FUNCTION extensions.gen_salt(text) TO dashboard_user;


--
-- Name: FUNCTION gen_salt(text, integer); Type: ACL; Schema: extensions; Owner: postgres
--

REVOKE ALL ON FUNCTION extensions.gen_salt(text, integer) FROM postgres;
GRANT ALL ON FUNCTION extensions.gen_salt(text, integer) TO postgres WITH GRANT OPTION;
GRANT ALL ON FUNCTION extensions.gen_salt(text, integer) TO dashboard_user;


--
-- Name: FUNCTION grant_pg_cron_access(); Type: ACL; Schema: extensions; Owner: postgres
--

REVOKE ALL ON FUNCTION extensions.grant_pg_cron_access() FROM postgres;
GRANT ALL ON FUNCTION extensions.grant_pg_cron_access() TO postgres WITH GRANT OPTION;
GRANT ALL ON FUNCTION extensions.grant_pg_cron_access() TO dashboard_user;


--
-- Name: FUNCTION grant_pg_graphql_access(); Type: ACL; Schema: extensions; Owner: supabase_admin
--

GRANT ALL ON FUNCTION extensions.grant_pg_graphql_access() TO postgres WITH GRANT OPTION;


--
-- Name: FUNCTION grant_pg_net_access(); Type: ACL; Schema: extensions; Owner: postgres
--

REVOKE ALL ON FUNCTION extensions.grant_pg_net_access() FROM postgres;
GRANT ALL ON FUNCTION extensions.grant_pg_net_access() TO postgres WITH GRANT OPTION;
GRANT ALL ON FUNCTION extensions.grant_pg_net_access() TO dashboard_user;


--
-- Name: FUNCTION hmac(bytea, bytea, text); Type: ACL; Schema: extensions; Owner: postgres
--

REVOKE ALL ON FUNCTION extensions.hmac(bytea, bytea, text) FROM postgres;
GRANT ALL ON FUNCTION extensions.hmac(bytea, bytea, text) TO postgres WITH GRANT OPTION;
GRANT ALL ON FUNCTION extensions.hmac(bytea, bytea, text) TO dashboard_user;


--
-- Name: FUNCTION hmac(text, text, text); Type: ACL; Schema: extensions; Owner: postgres
--

REVOKE ALL ON FUNCTION extensions.hmac(text, text, text) FROM postgres;
GRANT ALL ON FUNCTION extensions.hmac(text, text, text) TO postgres WITH GRANT OPTION;
GRANT ALL ON FUNCTION extensions.hmac(text, text, text) TO dashboard_user;


--
-- Name: FUNCTION pg_stat_statements(showtext boolean, OUT userid oid, OUT dbid oid, OUT toplevel boolean, OUT queryid bigint, OUT query text, OUT plans bigint, OUT total_plan_time double precision, OUT min_plan_time double precision, OUT max_plan_time double precision, OUT mean_plan_time double precision, OUT stddev_plan_time double precision, OUT calls bigint, OUT total_exec_time double precision, OUT min_exec_time double precision, OUT max_exec_time double precision, OUT mean_exec_time double precision, OUT stddev_exec_time double precision, OUT rows bigint, OUT shared_blks_hit bigint, OUT shared_blks_read bigint, OUT shared_blks_dirtied bigint, OUT shared_blks_written bigint, OUT local_blks_hit bigint, OUT local_blks_read bigint, OUT local_blks_dirtied bigint, OUT local_blks_written bigint, OUT temp_blks_read bigint, OUT temp_blks_written bigint, OUT blk_read_time double precision, OUT blk_write_time double precision, OUT temp_blk_read_time double precision, OUT temp_blk_write_time double precision, OUT wal_records bigint, OUT wal_fpi bigint, OUT wal_bytes numeric, OUT jit_functions bigint, OUT jit_generation_time double precision, OUT jit_inlining_count bigint, OUT jit_inlining_time double precision, OUT jit_optimization_count bigint, OUT jit_optimization_time double precision, OUT jit_emission_count bigint, OUT jit_emission_time double precision); Type: ACL; Schema: extensions; Owner: postgres
--

REVOKE ALL ON FUNCTION extensions.pg_stat_statements(showtext boolean, OUT userid oid, OUT dbid oid, OUT toplevel boolean, OUT queryid bigint, OUT query text, OUT plans bigint, OUT total_plan_time double precision, OUT min_plan_time double precision, OUT max_plan_time double precision, OUT mean_plan_time double precision, OUT stddev_plan_time double precision, OUT calls bigint, OUT total_exec_time double precision, OUT min_exec_time double precision, OUT max_exec_time double precision, OUT mean_exec_time double precision, OUT stddev_exec_time double precision, OUT rows bigint, OUT shared_blks_hit bigint, OUT shared_blks_read bigint, OUT shared_blks_dirtied bigint, OUT shared_blks_written bigint, OUT local_blks_hit bigint, OUT local_blks_read bigint, OUT local_blks_dirtied bigint, OUT local_blks_written bigint, OUT temp_blks_read bigint, OUT temp_blks_written bigint, OUT blk_read_time double precision, OUT blk_write_time double precision, OUT temp_blk_read_time double precision, OUT temp_blk_write_time double precision, OUT wal_records bigint, OUT wal_fpi bigint, OUT wal_bytes numeric, OUT jit_functions bigint, OUT jit_generation_time double precision, OUT jit_inlining_count bigint, OUT jit_inlining_time double precision, OUT jit_optimization_count bigint, OUT jit_optimization_time double precision, OUT jit_emission_count bigint, OUT jit_emission_time double precision) FROM postgres;
GRANT ALL ON FUNCTION extensions.pg_stat_statements(showtext boolean, OUT userid oid, OUT dbid oid, OUT toplevel boolean, OUT queryid bigint, OUT query text, OUT plans bigint, OUT total_plan_time double precision, OUT min_plan_time double precision, OUT max_plan_time double precision, OUT mean_plan_time double precision, OUT stddev_plan_time double precision, OUT calls bigint, OUT total_exec_time double precision, OUT min_exec_time double precision, OUT max_exec_time double precision, OUT mean_exec_time double precision, OUT stddev_exec_time double precision, OUT rows bigint, OUT shared_blks_hit bigint, OUT shared_blks_read bigint, OUT shared_blks_dirtied bigint, OUT shared_blks_written bigint, OUT local_blks_hit bigint, OUT local_blks_read bigint, OUT local_blks_dirtied bigint, OUT local_blks_written bigint, OUT temp_blks_read bigint, OUT temp_blks_written bigint, OUT blk_read_time double precision, OUT blk_write_time double precision, OUT temp_blk_read_time double precision, OUT temp_blk_write_time double precision, OUT wal_records bigint, OUT wal_fpi bigint, OUT wal_bytes numeric, OUT jit_functions bigint, OUT jit_generation_time double precision, OUT jit_inlining_count bigint, OUT jit_inlining_time double precision, OUT jit_optimization_count bigint, OUT jit_optimization_time double precision, OUT jit_emission_count bigint, OUT jit_emission_time double precision) TO postgres WITH GRANT OPTION;
GRANT ALL ON FUNCTION extensions.pg_stat_statements(showtext boolean, OUT userid oid, OUT dbid oid, OUT toplevel boolean, OUT queryid bigint, OUT query text, OUT plans bigint, OUT total_plan_time double precision, OUT min_plan_time double precision, OUT max_plan_time double precision, OUT mean_plan_time double precision, OUT stddev_plan_time double precision, OUT calls bigint, OUT total_exec_time double precision, OUT min_exec_time double precision, OUT max_exec_time double precision, OUT mean_exec_time double precision, OUT stddev_exec_time double precision, OUT rows bigint, OUT shared_blks_hit bigint, OUT shared_blks_read bigint, OUT shared_blks_dirtied bigint, OUT shared_blks_written bigint, OUT local_blks_hit bigint, OUT local_blks_read bigint, OUT local_blks_dirtied bigint, OUT local_blks_written bigint, OUT temp_blks_read bigint, OUT temp_blks_written bigint, OUT blk_read_time double precision, OUT blk_write_time double precision, OUT temp_blk_read_time double precision, OUT temp_blk_write_time double precision, OUT wal_records bigint, OUT wal_fpi bigint, OUT wal_bytes numeric, OUT jit_functions bigint, OUT jit_generation_time double precision, OUT jit_inlining_count bigint, OUT jit_inlining_time double precision, OUT jit_optimization_count bigint, OUT jit_optimization_time double precision, OUT jit_emission_count bigint, OUT jit_emission_time double precision) TO dashboard_user;


--
-- Name: FUNCTION pg_stat_statements_info(OUT dealloc bigint, OUT stats_reset timestamp with time zone); Type: ACL; Schema: extensions; Owner: postgres
--

REVOKE ALL ON FUNCTION extensions.pg_stat_statements_info(OUT dealloc bigint, OUT stats_reset timestamp with time zone) FROM postgres;
GRANT ALL ON FUNCTION extensions.pg_stat_statements_info(OUT dealloc bigint, OUT stats_reset timestamp with time zone) TO postgres WITH GRANT OPTION;
GRANT ALL ON FUNCTION extensions.pg_stat_statements_info(OUT dealloc bigint, OUT stats_reset timestamp with time zone) TO dashboard_user;


--
-- Name: FUNCTION pg_stat_statements_reset(userid oid, dbid oid, queryid bigint); Type: ACL; Schema: extensions; Owner: postgres
--

REVOKE ALL ON FUNCTION extensions.pg_stat_statements_reset(userid oid, dbid oid, queryid bigint) FROM postgres;
GRANT ALL ON FUNCTION extensions.pg_stat_statements_reset(userid oid, dbid oid, queryid bigint) TO postgres WITH GRANT OPTION;
GRANT ALL ON FUNCTION extensions.pg_stat_statements_reset(userid oid, dbid oid, queryid bigint) TO dashboard_user;


--
-- Name: FUNCTION pgp_armor_headers(text, OUT key text, OUT value text); Type: ACL; Schema: extensions; Owner: postgres
--

REVOKE ALL ON FUNCTION extensions.pgp_armor_headers(text, OUT key text, OUT value text) FROM postgres;
GRANT ALL ON FUNCTION extensions.pgp_armor_headers(text, OUT key text, OUT value text) TO postgres WITH GRANT OPTION;
GRANT ALL ON FUNCTION extensions.pgp_armor_headers(text, OUT key text, OUT value text) TO dashboard_user;


--
-- Name: FUNCTION pgp_key_id(bytea); Type: ACL; Schema: extensions; Owner: postgres
--

REVOKE ALL ON FUNCTION extensions.pgp_key_id(bytea) FROM postgres;
GRANT ALL ON FUNCTION extensions.pgp_key_id(bytea) TO postgres WITH GRANT OPTION;
GRANT ALL ON FUNCTION extensions.pgp_key_id(bytea) TO dashboard_user;


--
-- Name: FUNCTION pgp_pub_decrypt(bytea, bytea); Type: ACL; Schema: extensions; Owner: postgres
--

REVOKE ALL ON FUNCTION extensions.pgp_pub_decrypt(bytea, bytea) FROM postgres;
GRANT ALL ON FUNCTION extensions.pgp_pub_decrypt(bytea, bytea) TO postgres WITH GRANT OPTION;
GRANT ALL ON FUNCTION extensions.pgp_pub_decrypt(bytea, bytea) TO dashboard_user;


--
-- Name: FUNCTION pgp_pub_decrypt(bytea, bytea, text); Type: ACL; Schema: extensions; Owner: postgres
--

REVOKE ALL ON FUNCTION extensions.pgp_pub_decrypt(bytea, bytea, text) FROM postgres;
GRANT ALL ON FUNCTION extensions.pgp_pub_decrypt(bytea, bytea, text) TO postgres WITH GRANT OPTION;
GRANT ALL ON FUNCTION extensions.pgp_pub_decrypt(bytea, bytea, text) TO dashboard_user;


--
-- Name: FUNCTION pgp_pub_decrypt(bytea, bytea, text, text); Type: ACL; Schema: extensions; Owner: postgres
--

REVOKE ALL ON FUNCTION extensions.pgp_pub_decrypt(bytea, bytea, text, text) FROM postgres;
GRANT ALL ON FUNCTION extensions.pgp_pub_decrypt(bytea, bytea, text, text) TO postgres WITH GRANT OPTION;
GRANT ALL ON FUNCTION extensions.pgp_pub_decrypt(bytea, bytea, text, text) TO dashboard_user;


--
-- Name: FUNCTION pgp_pub_decrypt_bytea(bytea, bytea); Type: ACL; Schema: extensions; Owner: postgres
--

REVOKE ALL ON FUNCTION extensions.pgp_pub_decrypt_bytea(bytea, bytea) FROM postgres;
GRANT ALL ON FUNCTION extensions.pgp_pub_decrypt_bytea(bytea, bytea) TO postgres WITH GRANT OPTION;
GRANT ALL ON FUNCTION extensions.pgp_pub_decrypt_bytea(bytea, bytea) TO dashboard_user;


--
-- Name: FUNCTION pgp_pub_decrypt_bytea(bytea, bytea, text); Type: ACL; Schema: extensions; Owner: postgres
--

REVOKE ALL ON FUNCTION extensions.pgp_pub_decrypt_bytea(bytea, bytea, text) FROM postgres;
GRANT ALL ON FUNCTION extensions.pgp_pub_decrypt_bytea(bytea, bytea, text) TO postgres WITH GRANT OPTION;
GRANT ALL ON FUNCTION extensions.pgp_pub_decrypt_bytea(bytea, bytea, text) TO dashboard_user;


--
-- Name: FUNCTION pgp_pub_decrypt_bytea(bytea, bytea, text, text); Type: ACL; Schema: extensions; Owner: postgres
--

REVOKE ALL ON FUNCTION extensions.pgp_pub_decrypt_bytea(bytea, bytea, text, text) FROM postgres;
GRANT ALL ON FUNCTION extensions.pgp_pub_decrypt_bytea(bytea, bytea, text, text) TO postgres WITH GRANT OPTION;
GRANT ALL ON FUNCTION extensions.pgp_pub_decrypt_bytea(bytea, bytea, text, text) TO dashboard_user;


--
-- Name: FUNCTION pgp_pub_encrypt(text, bytea); Type: ACL; Schema: extensions; Owner: postgres
--

REVOKE ALL ON FUNCTION extensions.pgp_pub_encrypt(text, bytea) FROM postgres;
GRANT ALL ON FUNCTION extensions.pgp_pub_encrypt(text, bytea) TO postgres WITH GRANT OPTION;
GRANT ALL ON FUNCTION extensions.pgp_pub_encrypt(text, bytea) TO dashboard_user;


--
-- Name: FUNCTION pgp_pub_encrypt(text, bytea, text); Type: ACL; Schema: extensions; Owner: postgres
--

REVOKE ALL ON FUNCTION extensions.pgp_pub_encrypt(text, bytea, text) FROM postgres;
GRANT ALL ON FUNCTION extensions.pgp_pub_encrypt(text, bytea, text) TO postgres WITH GRANT OPTION;
GRANT ALL ON FUNCTION extensions.pgp_pub_encrypt(text, bytea, text) TO dashboard_user;


--
-- Name: FUNCTION pgp_pub_encrypt_bytea(bytea, bytea); Type: ACL; Schema: extensions; Owner: postgres
--

REVOKE ALL ON FUNCTION extensions.pgp_pub_encrypt_bytea(bytea, bytea) FROM postgres;
GRANT ALL ON FUNCTION extensions.pgp_pub_encrypt_bytea(bytea, bytea) TO postgres WITH GRANT OPTION;
GRANT ALL ON FUNCTION extensions.pgp_pub_encrypt_bytea(bytea, bytea) TO dashboard_user;


--
-- Name: FUNCTION pgp_pub_encrypt_bytea(bytea, bytea, text); Type: ACL; Schema: extensions; Owner: postgres
--

REVOKE ALL ON FUNCTION extensions.pgp_pub_encrypt_bytea(bytea, bytea, text) FROM postgres;
GRANT ALL ON FUNCTION extensions.pgp_pub_encrypt_bytea(bytea, bytea, text) TO postgres WITH GRANT OPTION;
GRANT ALL ON FUNCTION extensions.pgp_pub_encrypt_bytea(bytea, bytea, text) TO dashboard_user;


--
-- Name: FUNCTION pgp_sym_decrypt(bytea, text); Type: ACL; Schema: extensions; Owner: postgres
--

REVOKE ALL ON FUNCTION extensions.pgp_sym_decrypt(bytea, text) FROM postgres;
GRANT ALL ON FUNCTION extensions.pgp_sym_decrypt(bytea, text) TO postgres WITH GRANT OPTION;
GRANT ALL ON FUNCTION extensions.pgp_sym_decrypt(bytea, text) TO dashboard_user;


--
-- Name: FUNCTION pgp_sym_decrypt(bytea, text, text); Type: ACL; Schema: extensions; Owner: postgres
--

REVOKE ALL ON FUNCTION extensions.pgp_sym_decrypt(bytea, text, text) FROM postgres;
GRANT ALL ON FUNCTION extensions.pgp_sym_decrypt(bytea, text, text) TO postgres WITH GRANT OPTION;
GRANT ALL ON FUNCTION extensions.pgp_sym_decrypt(bytea, text, text) TO dashboard_user;


--
-- Name: FUNCTION pgp_sym_decrypt_bytea(bytea, text); Type: ACL; Schema: extensions; Owner: postgres
--

REVOKE ALL ON FUNCTION extensions.pgp_sym_decrypt_bytea(bytea, text) FROM postgres;
GRANT ALL ON FUNCTION extensions.pgp_sym_decrypt_bytea(bytea, text) TO postgres WITH GRANT OPTION;
GRANT ALL ON FUNCTION extensions.pgp_sym_decrypt_bytea(bytea, text) TO dashboard_user;


--
-- Name: FUNCTION pgp_sym_decrypt_bytea(bytea, text, text); Type: ACL; Schema: extensions; Owner: postgres
--

REVOKE ALL ON FUNCTION extensions.pgp_sym_decrypt_bytea(bytea, text, text) FROM postgres;
GRANT ALL ON FUNCTION extensions.pgp_sym_decrypt_bytea(bytea, text, text) TO postgres WITH GRANT OPTION;
GRANT ALL ON FUNCTION extensions.pgp_sym_decrypt_bytea(bytea, text, text) TO dashboard_user;


--
-- Name: FUNCTION pgp_sym_encrypt(text, text); Type: ACL; Schema: extensions; Owner: postgres
--

REVOKE ALL ON FUNCTION extensions.pgp_sym_encrypt(text, text) FROM postgres;
GRANT ALL ON FUNCTION extensions.pgp_sym_encrypt(text, text) TO postgres WITH GRANT OPTION;
GRANT ALL ON FUNCTION extensions.pgp_sym_encrypt(text, text) TO dashboard_user;


--
-- Name: FUNCTION pgp_sym_encrypt(text, text, text); Type: ACL; Schema: extensions; Owner: postgres
--

REVOKE ALL ON FUNCTION extensions.pgp_sym_encrypt(text, text, text) FROM postgres;
GRANT ALL ON FUNCTION extensions.pgp_sym_encrypt(text, text, text) TO postgres WITH GRANT OPTION;
GRANT ALL ON FUNCTION extensions.pgp_sym_encrypt(text, text, text) TO dashboard_user;


--
-- Name: FUNCTION pgp_sym_encrypt_bytea(bytea, text); Type: ACL; Schema: extensions; Owner: postgres
--

REVOKE ALL ON FUNCTION extensions.pgp_sym_encrypt_bytea(bytea, text) FROM postgres;
GRANT ALL ON FUNCTION extensions.pgp_sym_encrypt_bytea(bytea, text) TO postgres WITH GRANT OPTION;
GRANT ALL ON FUNCTION extensions.pgp_sym_encrypt_bytea(bytea, text) TO dashboard_user;


--
-- Name: FUNCTION pgp_sym_encrypt_bytea(bytea, text, text); Type: ACL; Schema: extensions; Owner: postgres
--

REVOKE ALL ON FUNCTION extensions.pgp_sym_encrypt_bytea(bytea, text, text) FROM postgres;
GRANT ALL ON FUNCTION extensions.pgp_sym_encrypt_bytea(bytea, text, text) TO postgres WITH GRANT OPTION;
GRANT ALL ON FUNCTION extensions.pgp_sym_encrypt_bytea(bytea, text, text) TO dashboard_user;


--
-- Name: FUNCTION pgrst_ddl_watch(); Type: ACL; Schema: extensions; Owner: supabase_admin
--

GRANT ALL ON FUNCTION extensions.pgrst_ddl_watch() TO postgres WITH GRANT OPTION;


--
-- Name: FUNCTION pgrst_drop_watch(); Type: ACL; Schema: extensions; Owner: supabase_admin
--

GRANT ALL ON FUNCTION extensions.pgrst_drop_watch() TO postgres WITH GRANT OPTION;


--
-- Name: FUNCTION set_graphql_placeholder(); Type: ACL; Schema: extensions; Owner: supabase_admin
--

GRANT ALL ON FUNCTION extensions.set_graphql_placeholder() TO postgres WITH GRANT OPTION;


--
-- Name: FUNCTION sign(payload json, secret text, algorithm text); Type: ACL; Schema: extensions; Owner: postgres
--

REVOKE ALL ON FUNCTION extensions.sign(payload json, secret text, algorithm text) FROM postgres;
GRANT ALL ON FUNCTION extensions.sign(payload json, secret text, algorithm text) TO postgres WITH GRANT OPTION;
GRANT ALL ON FUNCTION extensions.sign(payload json, secret text, algorithm text) TO dashboard_user;


--
-- Name: FUNCTION try_cast_double(inp text); Type: ACL; Schema: extensions; Owner: postgres
--

REVOKE ALL ON FUNCTION extensions.try_cast_double(inp text) FROM postgres;
GRANT ALL ON FUNCTION extensions.try_cast_double(inp text) TO postgres WITH GRANT OPTION;
GRANT ALL ON FUNCTION extensions.try_cast_double(inp text) TO dashboard_user;


--
-- Name: FUNCTION url_decode(data text); Type: ACL; Schema: extensions; Owner: postgres
--

REVOKE ALL ON FUNCTION extensions.url_decode(data text) FROM postgres;
GRANT ALL ON FUNCTION extensions.url_decode(data text) TO postgres WITH GRANT OPTION;
GRANT ALL ON FUNCTION extensions.url_decode(data text) TO dashboard_user;


--
-- Name: FUNCTION url_encode(data bytea); Type: ACL; Schema: extensions; Owner: postgres
--

REVOKE ALL ON FUNCTION extensions.url_encode(data bytea) FROM postgres;
GRANT ALL ON FUNCTION extensions.url_encode(data bytea) TO postgres WITH GRANT OPTION;
GRANT ALL ON FUNCTION extensions.url_encode(data bytea) TO dashboard_user;


--
-- Name: FUNCTION uuid_generate_v1(); Type: ACL; Schema: extensions; Owner: postgres
--

REVOKE ALL ON FUNCTION extensions.uuid_generate_v1() FROM postgres;
GRANT ALL ON FUNCTION extensions.uuid_generate_v1() TO postgres WITH GRANT OPTION;
GRANT ALL ON FUNCTION extensions.uuid_generate_v1() TO dashboard_user;


--
-- Name: FUNCTION uuid_generate_v1mc(); Type: ACL; Schema: extensions; Owner: postgres
--

REVOKE ALL ON FUNCTION extensions.uuid_generate_v1mc() FROM postgres;
GRANT ALL ON FUNCTION extensions.uuid_generate_v1mc() TO postgres WITH GRANT OPTION;
GRANT ALL ON FUNCTION extensions.uuid_generate_v1mc() TO dashboard_user;


--
-- Name: FUNCTION uuid_generate_v3(namespace uuid, name text); Type: ACL; Schema: extensions; Owner: postgres
--

REVOKE ALL ON FUNCTION extensions.uuid_generate_v3(namespace uuid, name text) FROM postgres;
GRANT ALL ON FUNCTION extensions.uuid_generate_v3(namespace uuid, name text) TO postgres WITH GRANT OPTION;
GRANT ALL ON FUNCTION extensions.uuid_generate_v3(namespace uuid, name text) TO dashboard_user;


--
-- Name: FUNCTION uuid_generate_v4(); Type: ACL; Schema: extensions; Owner: postgres
--

REVOKE ALL ON FUNCTION extensions.uuid_generate_v4() FROM postgres;
GRANT ALL ON FUNCTION extensions.uuid_generate_v4() TO postgres WITH GRANT OPTION;
GRANT ALL ON FUNCTION extensions.uuid_generate_v4() TO dashboard_user;


--
-- Name: FUNCTION uuid_generate_v5(namespace uuid, name text); Type: ACL; Schema: extensions; Owner: postgres
--

REVOKE ALL ON FUNCTION extensions.uuid_generate_v5(namespace uuid, name text) FROM postgres;
GRANT ALL ON FUNCTION extensions.uuid_generate_v5(namespace uuid, name text) TO postgres WITH GRANT OPTION;
GRANT ALL ON FUNCTION extensions.uuid_generate_v5(namespace uuid, name text) TO dashboard_user;


--
-- Name: FUNCTION uuid_nil(); Type: ACL; Schema: extensions; Owner: postgres
--

REVOKE ALL ON FUNCTION extensions.uuid_nil() FROM postgres;
GRANT ALL ON FUNCTION extensions.uuid_nil() TO postgres WITH GRANT OPTION;
GRANT ALL ON FUNCTION extensions.uuid_nil() TO dashboard_user;


--
-- Name: FUNCTION uuid_ns_dns(); Type: ACL; Schema: extensions; Owner: postgres
--

REVOKE ALL ON FUNCTION extensions.uuid_ns_dns() FROM postgres;
GRANT ALL ON FUNCTION extensions.uuid_ns_dns() TO postgres WITH GRANT OPTION;
GRANT ALL ON FUNCTION extensions.uuid_ns_dns() TO dashboard_user;


--
-- Name: FUNCTION uuid_ns_oid(); Type: ACL; Schema: extensions; Owner: postgres
--

REVOKE ALL ON FUNCTION extensions.uuid_ns_oid() FROM postgres;
GRANT ALL ON FUNCTION extensions.uuid_ns_oid() TO postgres WITH GRANT OPTION;
GRANT ALL ON FUNCTION extensions.uuid_ns_oid() TO dashboard_user;


--
-- Name: FUNCTION uuid_ns_url(); Type: ACL; Schema: extensions; Owner: postgres
--

REVOKE ALL ON FUNCTION extensions.uuid_ns_url() FROM postgres;
GRANT ALL ON FUNCTION extensions.uuid_ns_url() TO postgres WITH GRANT OPTION;
GRANT ALL ON FUNCTION extensions.uuid_ns_url() TO dashboard_user;


--
-- Name: FUNCTION uuid_ns_x500(); Type: ACL; Schema: extensions; Owner: postgres
--

REVOKE ALL ON FUNCTION extensions.uuid_ns_x500() FROM postgres;
GRANT ALL ON FUNCTION extensions.uuid_ns_x500() TO postgres WITH GRANT OPTION;
GRANT ALL ON FUNCTION extensions.uuid_ns_x500() TO dashboard_user;


--
-- Name: FUNCTION verify(token text, secret text, algorithm text); Type: ACL; Schema: extensions; Owner: postgres
--

REVOKE ALL ON FUNCTION extensions.verify(token text, secret text, algorithm text) FROM postgres;
GRANT ALL ON FUNCTION extensions.verify(token text, secret text, algorithm text) TO postgres WITH GRANT OPTION;
GRANT ALL ON FUNCTION extensions.verify(token text, secret text, algorithm text) TO dashboard_user;


--
-- Name: FUNCTION graphql("operationName" text, query text, variables jsonb, extensions jsonb); Type: ACL; Schema: graphql_public; Owner: supabase_admin
--

GRANT ALL ON FUNCTION graphql_public.graphql("operationName" text, query text, variables jsonb, extensions jsonb) TO postgres;
GRANT ALL ON FUNCTION graphql_public.graphql("operationName" text, query text, variables jsonb, extensions jsonb) TO anon;
GRANT ALL ON FUNCTION graphql_public.graphql("operationName" text, query text, variables jsonb, extensions jsonb) TO authenticated;
GRANT ALL ON FUNCTION graphql_public.graphql("operationName" text, query text, variables jsonb, extensions jsonb) TO service_role;


--
-- Name: FUNCTION get_auth(p_usename text); Type: ACL; Schema: pgbouncer; Owner: postgres
--

REVOKE ALL ON FUNCTION pgbouncer.get_auth(p_usename text) FROM PUBLIC;
GRANT ALL ON FUNCTION pgbouncer.get_auth(p_usename text) TO pgbouncer;


--
-- Name: FUNCTION crypto_aead_det_decrypt(message bytea, additional bytea, key_uuid uuid, nonce bytea); Type: ACL; Schema: pgsodium; Owner: pgsodium_keymaker
--

GRANT ALL ON FUNCTION pgsodium.crypto_aead_det_decrypt(message bytea, additional bytea, key_uuid uuid, nonce bytea) TO service_role;


--
-- Name: FUNCTION crypto_aead_det_encrypt(message bytea, additional bytea, key_uuid uuid, nonce bytea); Type: ACL; Schema: pgsodium; Owner: pgsodium_keymaker
--

GRANT ALL ON FUNCTION pgsodium.crypto_aead_det_encrypt(message bytea, additional bytea, key_uuid uuid, nonce bytea) TO service_role;


--
-- Name: FUNCTION crypto_aead_det_keygen(); Type: ACL; Schema: pgsodium; Owner: supabase_admin
--

GRANT ALL ON FUNCTION pgsodium.crypto_aead_det_keygen() TO service_role;


--
-- Name: FUNCTION apply_rls(wal jsonb, max_record_bytes integer); Type: ACL; Schema: realtime; Owner: supabase_admin
--

GRANT ALL ON FUNCTION realtime.apply_rls(wal jsonb, max_record_bytes integer) TO postgres;
GRANT ALL ON FUNCTION realtime.apply_rls(wal jsonb, max_record_bytes integer) TO dashboard_user;
GRANT ALL ON FUNCTION realtime.apply_rls(wal jsonb, max_record_bytes integer) TO anon;
GRANT ALL ON FUNCTION realtime.apply_rls(wal jsonb, max_record_bytes integer) TO authenticated;
GRANT ALL ON FUNCTION realtime.apply_rls(wal jsonb, max_record_bytes integer) TO service_role;
GRANT ALL ON FUNCTION realtime.apply_rls(wal jsonb, max_record_bytes integer) TO supabase_realtime_admin;


--
-- Name: FUNCTION broadcast_changes(topic_name text, event_name text, operation text, table_name text, table_schema text, new record, old record, level text); Type: ACL; Schema: realtime; Owner: supabase_admin
--

GRANT ALL ON FUNCTION realtime.broadcast_changes(topic_name text, event_name text, operation text, table_name text, table_schema text, new record, old record, level text) TO postgres;
GRANT ALL ON FUNCTION realtime.broadcast_changes(topic_name text, event_name text, operation text, table_name text, table_schema text, new record, old record, level text) TO dashboard_user;


--
-- Name: FUNCTION build_prepared_statement_sql(prepared_statement_name text, entity regclass, columns realtime.wal_column[]); Type: ACL; Schema: realtime; Owner: supabase_admin
--

GRANT ALL ON FUNCTION realtime.build_prepared_statement_sql(prepared_statement_name text, entity regclass, columns realtime.wal_column[]) TO postgres;
GRANT ALL ON FUNCTION realtime.build_prepared_statement_sql(prepared_statement_name text, entity regclass, columns realtime.wal_column[]) TO dashboard_user;
GRANT ALL ON FUNCTION realtime.build_prepared_statement_sql(prepared_statement_name text, entity regclass, columns realtime.wal_column[]) TO anon;
GRANT ALL ON FUNCTION realtime.build_prepared_statement_sql(prepared_statement_name text, entity regclass, columns realtime.wal_column[]) TO authenticated;
GRANT ALL ON FUNCTION realtime.build_prepared_statement_sql(prepared_statement_name text, entity regclass, columns realtime.wal_column[]) TO service_role;
GRANT ALL ON FUNCTION realtime.build_prepared_statement_sql(prepared_statement_name text, entity regclass, columns realtime.wal_column[]) TO supabase_realtime_admin;


--
-- Name: FUNCTION "cast"(val text, type_ regtype); Type: ACL; Schema: realtime; Owner: supabase_admin
--

GRANT ALL ON FUNCTION realtime."cast"(val text, type_ regtype) TO postgres;
GRANT ALL ON FUNCTION realtime."cast"(val text, type_ regtype) TO dashboard_user;
GRANT ALL ON FUNCTION realtime."cast"(val text, type_ regtype) TO anon;
GRANT ALL ON FUNCTION realtime."cast"(val text, type_ regtype) TO authenticated;
GRANT ALL ON FUNCTION realtime."cast"(val text, type_ regtype) TO service_role;
GRANT ALL ON FUNCTION realtime."cast"(val text, type_ regtype) TO supabase_realtime_admin;


--
-- Name: FUNCTION check_equality_op(op realtime.equality_op, type_ regtype, val_1 text, val_2 text); Type: ACL; Schema: realtime; Owner: supabase_admin
--

GRANT ALL ON FUNCTION realtime.check_equality_op(op realtime.equality_op, type_ regtype, val_1 text, val_2 text) TO postgres;
GRANT ALL ON FUNCTION realtime.check_equality_op(op realtime.equality_op, type_ regtype, val_1 text, val_2 text) TO dashboard_user;
GRANT ALL ON FUNCTION realtime.check_equality_op(op realtime.equality_op, type_ regtype, val_1 text, val_2 text) TO anon;
GRANT ALL ON FUNCTION realtime.check_equality_op(op realtime.equality_op, type_ regtype, val_1 text, val_2 text) TO authenticated;
GRANT ALL ON FUNCTION realtime.check_equality_op(op realtime.equality_op, type_ regtype, val_1 text, val_2 text) TO service_role;
GRANT ALL ON FUNCTION realtime.check_equality_op(op realtime.equality_op, type_ regtype, val_1 text, val_2 text) TO supabase_realtime_admin;


--
-- Name: FUNCTION is_visible_through_filters(columns realtime.wal_column[], filters realtime.user_defined_filter[]); Type: ACL; Schema: realtime; Owner: supabase_admin
--

GRANT ALL ON FUNCTION realtime.is_visible_through_filters(columns realtime.wal_column[], filters realtime.user_defined_filter[]) TO postgres;
GRANT ALL ON FUNCTION realtime.is_visible_through_filters(columns realtime.wal_column[], filters realtime.user_defined_filter[]) TO dashboard_user;
GRANT ALL ON FUNCTION realtime.is_visible_through_filters(columns realtime.wal_column[], filters realtime.user_defined_filter[]) TO anon;
GRANT ALL ON FUNCTION realtime.is_visible_through_filters(columns realtime.wal_column[], filters realtime.user_defined_filter[]) TO authenticated;
GRANT ALL ON FUNCTION realtime.is_visible_through_filters(columns realtime.wal_column[], filters realtime.user_defined_filter[]) TO service_role;
GRANT ALL ON FUNCTION realtime.is_visible_through_filters(columns realtime.wal_column[], filters realtime.user_defined_filter[]) TO supabase_realtime_admin;


--
-- Name: FUNCTION list_changes(publication name, slot_name name, max_changes integer, max_record_bytes integer); Type: ACL; Schema: realtime; Owner: supabase_admin
--

GRANT ALL ON FUNCTION realtime.list_changes(publication name, slot_name name, max_changes integer, max_record_bytes integer) TO postgres;
GRANT ALL ON FUNCTION realtime.list_changes(publication name, slot_name name, max_changes integer, max_record_bytes integer) TO dashboard_user;
GRANT ALL ON FUNCTION realtime.list_changes(publication name, slot_name name, max_changes integer, max_record_bytes integer) TO anon;
GRANT ALL ON FUNCTION realtime.list_changes(publication name, slot_name name, max_changes integer, max_record_bytes integer) TO authenticated;
GRANT ALL ON FUNCTION realtime.list_changes(publication name, slot_name name, max_changes integer, max_record_bytes integer) TO service_role;
GRANT ALL ON FUNCTION realtime.list_changes(publication name, slot_name name, max_changes integer, max_record_bytes integer) TO supabase_realtime_admin;


--
-- Name: FUNCTION quote_wal2json(entity regclass); Type: ACL; Schema: realtime; Owner: supabase_admin
--

GRANT ALL ON FUNCTION realtime.quote_wal2json(entity regclass) TO postgres;
GRANT ALL ON FUNCTION realtime.quote_wal2json(entity regclass) TO dashboard_user;
GRANT ALL ON FUNCTION realtime.quote_wal2json(entity regclass) TO anon;
GRANT ALL ON FUNCTION realtime.quote_wal2json(entity regclass) TO authenticated;
GRANT ALL ON FUNCTION realtime.quote_wal2json(entity regclass) TO service_role;
GRANT ALL ON FUNCTION realtime.quote_wal2json(entity regclass) TO supabase_realtime_admin;


--
-- Name: FUNCTION send(payload jsonb, event text, topic text, private boolean); Type: ACL; Schema: realtime; Owner: supabase_admin
--

GRANT ALL ON FUNCTION realtime.send(payload jsonb, event text, topic text, private boolean) TO postgres;
GRANT ALL ON FUNCTION realtime.send(payload jsonb, event text, topic text, private boolean) TO dashboard_user;


--
-- Name: FUNCTION subscription_check_filters(); Type: ACL; Schema: realtime; Owner: supabase_admin
--

GRANT ALL ON FUNCTION realtime.subscription_check_filters() TO postgres;
GRANT ALL ON FUNCTION realtime.subscription_check_filters() TO dashboard_user;
GRANT ALL ON FUNCTION realtime.subscription_check_filters() TO anon;
GRANT ALL ON FUNCTION realtime.subscription_check_filters() TO authenticated;
GRANT ALL ON FUNCTION realtime.subscription_check_filters() TO service_role;
GRANT ALL ON FUNCTION realtime.subscription_check_filters() TO supabase_realtime_admin;


--
-- Name: FUNCTION to_regrole(role_name text); Type: ACL; Schema: realtime; Owner: supabase_admin
--

GRANT ALL ON FUNCTION realtime.to_regrole(role_name text) TO postgres;
GRANT ALL ON FUNCTION realtime.to_regrole(role_name text) TO dashboard_user;
GRANT ALL ON FUNCTION realtime.to_regrole(role_name text) TO anon;
GRANT ALL ON FUNCTION realtime.to_regrole(role_name text) TO authenticated;
GRANT ALL ON FUNCTION realtime.to_regrole(role_name text) TO service_role;
GRANT ALL ON FUNCTION realtime.to_regrole(role_name text) TO supabase_realtime_admin;


--
-- Name: FUNCTION topic(); Type: ACL; Schema: realtime; Owner: supabase_realtime_admin
--

GRANT ALL ON FUNCTION realtime.topic() TO postgres;
GRANT ALL ON FUNCTION realtime.topic() TO dashboard_user;


--
-- Name: TABLE audit_log_entries; Type: ACL; Schema: auth; Owner: supabase_auth_admin
--

GRANT ALL ON TABLE auth.audit_log_entries TO dashboard_user;
GRANT INSERT,REFERENCES,DELETE,TRIGGER,TRUNCATE,UPDATE ON TABLE auth.audit_log_entries TO postgres;
GRANT SELECT ON TABLE auth.audit_log_entries TO postgres WITH GRANT OPTION;


--
-- Name: TABLE flow_state; Type: ACL; Schema: auth; Owner: supabase_auth_admin
--

GRANT INSERT,REFERENCES,DELETE,TRIGGER,TRUNCATE,UPDATE ON TABLE auth.flow_state TO postgres;
GRANT SELECT ON TABLE auth.flow_state TO postgres WITH GRANT OPTION;
GRANT ALL ON TABLE auth.flow_state TO dashboard_user;


--
-- Name: TABLE identities; Type: ACL; Schema: auth; Owner: supabase_auth_admin
--

GRANT INSERT,REFERENCES,DELETE,TRIGGER,TRUNCATE,UPDATE ON TABLE auth.identities TO postgres;
GRANT SELECT ON TABLE auth.identities TO postgres WITH GRANT OPTION;
GRANT ALL ON TABLE auth.identities TO dashboard_user;


--
-- Name: TABLE instances; Type: ACL; Schema: auth; Owner: supabase_auth_admin
--

GRANT ALL ON TABLE auth.instances TO dashboard_user;
GRANT INSERT,REFERENCES,DELETE,TRIGGER,TRUNCATE,UPDATE ON TABLE auth.instances TO postgres;
GRANT SELECT ON TABLE auth.instances TO postgres WITH GRANT OPTION;


--
-- Name: TABLE mfa_amr_claims; Type: ACL; Schema: auth; Owner: supabase_auth_admin
--

GRANT INSERT,REFERENCES,DELETE,TRIGGER,TRUNCATE,UPDATE ON TABLE auth.mfa_amr_claims TO postgres;
GRANT SELECT ON TABLE auth.mfa_amr_claims TO postgres WITH GRANT OPTION;
GRANT ALL ON TABLE auth.mfa_amr_claims TO dashboard_user;


--
-- Name: TABLE mfa_challenges; Type: ACL; Schema: auth; Owner: supabase_auth_admin
--

GRANT INSERT,REFERENCES,DELETE,TRIGGER,TRUNCATE,UPDATE ON TABLE auth.mfa_challenges TO postgres;
GRANT SELECT ON TABLE auth.mfa_challenges TO postgres WITH GRANT OPTION;
GRANT ALL ON TABLE auth.mfa_challenges TO dashboard_user;


--
-- Name: TABLE mfa_factors; Type: ACL; Schema: auth; Owner: supabase_auth_admin
--

GRANT INSERT,REFERENCES,DELETE,TRIGGER,TRUNCATE,UPDATE ON TABLE auth.mfa_factors TO postgres;
GRANT SELECT ON TABLE auth.mfa_factors TO postgres WITH GRANT OPTION;
GRANT ALL ON TABLE auth.mfa_factors TO dashboard_user;


--
-- Name: TABLE one_time_tokens; Type: ACL; Schema: auth; Owner: supabase_auth_admin
--

GRANT INSERT,REFERENCES,DELETE,TRIGGER,TRUNCATE,UPDATE ON TABLE auth.one_time_tokens TO postgres;
GRANT SELECT ON TABLE auth.one_time_tokens TO postgres WITH GRANT OPTION;
GRANT ALL ON TABLE auth.one_time_tokens TO dashboard_user;


--
-- Name: TABLE refresh_tokens; Type: ACL; Schema: auth; Owner: supabase_auth_admin
--

GRANT ALL ON TABLE auth.refresh_tokens TO dashboard_user;
GRANT INSERT,REFERENCES,DELETE,TRIGGER,TRUNCATE,UPDATE ON TABLE auth.refresh_tokens TO postgres;
GRANT SELECT ON TABLE auth.refresh_tokens TO postgres WITH GRANT OPTION;


--
-- Name: SEQUENCE refresh_tokens_id_seq; Type: ACL; Schema: auth; Owner: supabase_auth_admin
--

GRANT ALL ON SEQUENCE auth.refresh_tokens_id_seq TO dashboard_user;
GRANT ALL ON SEQUENCE auth.refresh_tokens_id_seq TO postgres;


--
-- Name: TABLE saml_providers; Type: ACL; Schema: auth; Owner: supabase_auth_admin
--

GRANT INSERT,REFERENCES,DELETE,TRIGGER,TRUNCATE,UPDATE ON TABLE auth.saml_providers TO postgres;
GRANT SELECT ON TABLE auth.saml_providers TO postgres WITH GRANT OPTION;
GRANT ALL ON TABLE auth.saml_providers TO dashboard_user;


--
-- Name: TABLE saml_relay_states; Type: ACL; Schema: auth; Owner: supabase_auth_admin
--

GRANT INSERT,REFERENCES,DELETE,TRIGGER,TRUNCATE,UPDATE ON TABLE auth.saml_relay_states TO postgres;
GRANT SELECT ON TABLE auth.saml_relay_states TO postgres WITH GRANT OPTION;
GRANT ALL ON TABLE auth.saml_relay_states TO dashboard_user;


--
-- Name: TABLE schema_migrations; Type: ACL; Schema: auth; Owner: supabase_auth_admin
--

GRANT ALL ON TABLE auth.schema_migrations TO dashboard_user;
GRANT INSERT,REFERENCES,DELETE,TRIGGER,TRUNCATE,UPDATE ON TABLE auth.schema_migrations TO postgres;
GRANT SELECT ON TABLE auth.schema_migrations TO postgres WITH GRANT OPTION;


--
-- Name: TABLE sessions; Type: ACL; Schema: auth; Owner: supabase_auth_admin
--

GRANT INSERT,REFERENCES,DELETE,TRIGGER,TRUNCATE,UPDATE ON TABLE auth.sessions TO postgres;
GRANT SELECT ON TABLE auth.sessions TO postgres WITH GRANT OPTION;
GRANT ALL ON TABLE auth.sessions TO dashboard_user;


--
-- Name: TABLE sso_domains; Type: ACL; Schema: auth; Owner: supabase_auth_admin
--

GRANT INSERT,REFERENCES,DELETE,TRIGGER,TRUNCATE,UPDATE ON TABLE auth.sso_domains TO postgres;
GRANT SELECT ON TABLE auth.sso_domains TO postgres WITH GRANT OPTION;
GRANT ALL ON TABLE auth.sso_domains TO dashboard_user;


--
-- Name: TABLE sso_providers; Type: ACL; Schema: auth; Owner: supabase_auth_admin
--

GRANT INSERT,REFERENCES,DELETE,TRIGGER,TRUNCATE,UPDATE ON TABLE auth.sso_providers TO postgres;
GRANT SELECT ON TABLE auth.sso_providers TO postgres WITH GRANT OPTION;
GRANT ALL ON TABLE auth.sso_providers TO dashboard_user;


--
-- Name: TABLE users; Type: ACL; Schema: auth; Owner: supabase_auth_admin
--

GRANT ALL ON TABLE auth.users TO dashboard_user;
GRANT INSERT,REFERENCES,DELETE,TRIGGER,TRUNCATE,UPDATE ON TABLE auth.users TO postgres;
GRANT SELECT ON TABLE auth.users TO postgres WITH GRANT OPTION;


--
-- Name: TABLE pg_stat_statements; Type: ACL; Schema: extensions; Owner: postgres
--

REVOKE ALL ON TABLE extensions.pg_stat_statements FROM postgres;
GRANT ALL ON TABLE extensions.pg_stat_statements TO postgres WITH GRANT OPTION;
GRANT ALL ON TABLE extensions.pg_stat_statements TO dashboard_user;


--
-- Name: TABLE pg_stat_statements_info; Type: ACL; Schema: extensions; Owner: postgres
--

REVOKE ALL ON TABLE extensions.pg_stat_statements_info FROM postgres;
GRANT ALL ON TABLE extensions.pg_stat_statements_info TO postgres WITH GRANT OPTION;
GRANT ALL ON TABLE extensions.pg_stat_statements_info TO dashboard_user;


--
-- Name: TABLE decrypted_key; Type: ACL; Schema: pgsodium; Owner: supabase_admin
--

GRANT ALL ON TABLE pgsodium.decrypted_key TO pgsodium_keyholder;


--
-- Name: TABLE masking_rule; Type: ACL; Schema: pgsodium; Owner: supabase_admin
--

GRANT ALL ON TABLE pgsodium.masking_rule TO pgsodium_keyholder;


--
-- Name: TABLE mask_columns; Type: ACL; Schema: pgsodium; Owner: supabase_admin
--

GRANT ALL ON TABLE pgsodium.mask_columns TO pgsodium_keyholder;


--
-- Name: TABLE bookings; Type: ACL; Schema: public; Owner: postgres
--

GRANT ALL ON TABLE public.bookings TO anon;
GRANT ALL ON TABLE public.bookings TO authenticated;
GRANT ALL ON TABLE public.bookings TO service_role;


--
-- Name: SEQUENCE bookings_id_seq; Type: ACL; Schema: public; Owner: postgres
--

GRANT ALL ON SEQUENCE public.bookings_id_seq TO anon;
GRANT ALL ON SEQUENCE public.bookings_id_seq TO authenticated;
GRANT ALL ON SEQUENCE public.bookings_id_seq TO service_role;


--
-- Name: TABLE cabins; Type: ACL; Schema: public; Owner: postgres
--

GRANT ALL ON TABLE public.cabins TO anon;
GRANT ALL ON TABLE public.cabins TO authenticated;
GRANT ALL ON TABLE public.cabins TO service_role;


--
-- Name: SEQUENCE cabins_id_seq; Type: ACL; Schema: public; Owner: postgres
--

GRANT ALL ON SEQUENCE public.cabins_id_seq TO anon;
GRANT ALL ON SEQUENCE public.cabins_id_seq TO authenticated;
GRANT ALL ON SEQUENCE public.cabins_id_seq TO service_role;


--
-- Name: TABLE guests; Type: ACL; Schema: public; Owner: postgres
--

GRANT ALL ON TABLE public.guests TO anon;
GRANT ALL ON TABLE public.guests TO authenticated;
GRANT ALL ON TABLE public.guests TO service_role;


--
-- Name: SEQUENCE guests_id_seq; Type: ACL; Schema: public; Owner: postgres
--

GRANT ALL ON SEQUENCE public.guests_id_seq TO anon;
GRANT ALL ON SEQUENCE public.guests_id_seq TO authenticated;
GRANT ALL ON SEQUENCE public.guests_id_seq TO service_role;


--
-- Name: TABLE settings; Type: ACL; Schema: public; Owner: postgres
--

GRANT ALL ON TABLE public.settings TO anon;
GRANT ALL ON TABLE public.settings TO authenticated;
GRANT ALL ON TABLE public.settings TO service_role;


--
-- Name: SEQUENCE settings_id_seq; Type: ACL; Schema: public; Owner: postgres
--

GRANT ALL ON SEQUENCE public.settings_id_seq TO anon;
GRANT ALL ON SEQUENCE public.settings_id_seq TO authenticated;
GRANT ALL ON SEQUENCE public.settings_id_seq TO service_role;


--
-- Name: TABLE messages; Type: ACL; Schema: realtime; Owner: supabase_realtime_admin
--

GRANT ALL ON TABLE realtime.messages TO postgres;
GRANT ALL ON TABLE realtime.messages TO dashboard_user;
GRANT SELECT,INSERT,UPDATE ON TABLE realtime.messages TO anon;
GRANT SELECT,INSERT,UPDATE ON TABLE realtime.messages TO authenticated;
GRANT SELECT,INSERT,UPDATE ON TABLE realtime.messages TO service_role;


--
-- Name: TABLE schema_migrations; Type: ACL; Schema: realtime; Owner: supabase_admin
--

GRANT ALL ON TABLE realtime.schema_migrations TO postgres;
GRANT ALL ON TABLE realtime.schema_migrations TO dashboard_user;
GRANT SELECT ON TABLE realtime.schema_migrations TO anon;
GRANT SELECT ON TABLE realtime.schema_migrations TO authenticated;
GRANT SELECT ON TABLE realtime.schema_migrations TO service_role;
GRANT ALL ON TABLE realtime.schema_migrations TO supabase_realtime_admin;


--
-- Name: TABLE subscription; Type: ACL; Schema: realtime; Owner: supabase_admin
--

GRANT ALL ON TABLE realtime.subscription TO postgres;
GRANT ALL ON TABLE realtime.subscription TO dashboard_user;
GRANT SELECT ON TABLE realtime.subscription TO anon;
GRANT SELECT ON TABLE realtime.subscription TO authenticated;
GRANT SELECT ON TABLE realtime.subscription TO service_role;
GRANT ALL ON TABLE realtime.subscription TO supabase_realtime_admin;


--
-- Name: SEQUENCE subscription_id_seq; Type: ACL; Schema: realtime; Owner: supabase_admin
--

GRANT ALL ON SEQUENCE realtime.subscription_id_seq TO postgres;
GRANT ALL ON SEQUENCE realtime.subscription_id_seq TO dashboard_user;
GRANT USAGE ON SEQUENCE realtime.subscription_id_seq TO anon;
GRANT USAGE ON SEQUENCE realtime.subscription_id_seq TO authenticated;
GRANT USAGE ON SEQUENCE realtime.subscription_id_seq TO service_role;
GRANT ALL ON SEQUENCE realtime.subscription_id_seq TO supabase_realtime_admin;


--
-- Name: TABLE buckets; Type: ACL; Schema: storage; Owner: supabase_storage_admin
--

GRANT ALL ON TABLE storage.buckets TO anon;
GRANT ALL ON TABLE storage.buckets TO authenticated;
GRANT ALL ON TABLE storage.buckets TO service_role;
GRANT ALL ON TABLE storage.buckets TO postgres;


--
-- Name: TABLE migrations; Type: ACL; Schema: storage; Owner: supabase_storage_admin
--

GRANT ALL ON TABLE storage.migrations TO anon;
GRANT ALL ON TABLE storage.migrations TO authenticated;
GRANT ALL ON TABLE storage.migrations TO service_role;
GRANT ALL ON TABLE storage.migrations TO postgres;


--
-- Name: TABLE objects; Type: ACL; Schema: storage; Owner: supabase_storage_admin
--

GRANT ALL ON TABLE storage.objects TO anon;
GRANT ALL ON TABLE storage.objects TO authenticated;
GRANT ALL ON TABLE storage.objects TO service_role;
GRANT ALL ON TABLE storage.objects TO postgres;


--
-- Name: TABLE s3_multipart_uploads; Type: ACL; Schema: storage; Owner: supabase_storage_admin
--

GRANT ALL ON TABLE storage.s3_multipart_uploads TO service_role;
GRANT SELECT ON TABLE storage.s3_multipart_uploads TO authenticated;
GRANT SELECT ON TABLE storage.s3_multipart_uploads TO anon;


--
-- Name: TABLE s3_multipart_uploads_parts; Type: ACL; Schema: storage; Owner: supabase_storage_admin
--

GRANT ALL ON TABLE storage.s3_multipart_uploads_parts TO service_role;
GRANT SELECT ON TABLE storage.s3_multipart_uploads_parts TO authenticated;
GRANT SELECT ON TABLE storage.s3_multipart_uploads_parts TO anon;


--
-- Name: DEFAULT PRIVILEGES FOR SEQUENCES; Type: DEFAULT ACL; Schema: auth; Owner: supabase_auth_admin
--

ALTER DEFAULT PRIVILEGES FOR ROLE supabase_auth_admin IN SCHEMA auth GRANT ALL ON SEQUENCES  TO postgres;
ALTER DEFAULT PRIVILEGES FOR ROLE supabase_auth_admin IN SCHEMA auth GRANT ALL ON SEQUENCES  TO dashboard_user;


--
-- Name: DEFAULT PRIVILEGES FOR FUNCTIONS; Type: DEFAULT ACL; Schema: auth; Owner: supabase_auth_admin
--

ALTER DEFAULT PRIVILEGES FOR ROLE supabase_auth_admin IN SCHEMA auth GRANT ALL ON FUNCTIONS  TO postgres;
ALTER DEFAULT PRIVILEGES FOR ROLE supabase_auth_admin IN SCHEMA auth GRANT ALL ON FUNCTIONS  TO dashboard_user;


--
-- Name: DEFAULT PRIVILEGES FOR TABLES; Type: DEFAULT ACL; Schema: auth; Owner: supabase_auth_admin
--

ALTER DEFAULT PRIVILEGES FOR ROLE supabase_auth_admin IN SCHEMA auth GRANT ALL ON TABLES  TO postgres;
ALTER DEFAULT PRIVILEGES FOR ROLE supabase_auth_admin IN SCHEMA auth GRANT ALL ON TABLES  TO dashboard_user;


--
-- Name: DEFAULT PRIVILEGES FOR SEQUENCES; Type: DEFAULT ACL; Schema: extensions; Owner: supabase_admin
--

ALTER DEFAULT PRIVILEGES FOR ROLE supabase_admin IN SCHEMA extensions GRANT ALL ON SEQUENCES  TO postgres WITH GRANT OPTION;


--
-- Name: DEFAULT PRIVILEGES FOR FUNCTIONS; Type: DEFAULT ACL; Schema: extensions; Owner: supabase_admin
--

ALTER DEFAULT PRIVILEGES FOR ROLE supabase_admin IN SCHEMA extensions GRANT ALL ON FUNCTIONS  TO postgres WITH GRANT OPTION;


--
-- Name: DEFAULT PRIVILEGES FOR TABLES; Type: DEFAULT ACL; Schema: extensions; Owner: supabase_admin
--

ALTER DEFAULT PRIVILEGES FOR ROLE supabase_admin IN SCHEMA extensions GRANT ALL ON TABLES  TO postgres WITH GRANT OPTION;


--
-- Name: DEFAULT PRIVILEGES FOR SEQUENCES; Type: DEFAULT ACL; Schema: graphql; Owner: supabase_admin
--

ALTER DEFAULT PRIVILEGES FOR ROLE supabase_admin IN SCHEMA graphql GRANT ALL ON SEQUENCES  TO postgres;
ALTER DEFAULT PRIVILEGES FOR ROLE supabase_admin IN SCHEMA graphql GRANT ALL ON SEQUENCES  TO anon;
ALTER DEFAULT PRIVILEGES FOR ROLE supabase_admin IN SCHEMA graphql GRANT ALL ON SEQUENCES  TO authenticated;
ALTER DEFAULT PRIVILEGES FOR ROLE supabase_admin IN SCHEMA graphql GRANT ALL ON SEQUENCES  TO service_role;


--
-- Name: DEFAULT PRIVILEGES FOR FUNCTIONS; Type: DEFAULT ACL; Schema: graphql; Owner: supabase_admin
--

ALTER DEFAULT PRIVILEGES FOR ROLE supabase_admin IN SCHEMA graphql GRANT ALL ON FUNCTIONS  TO postgres;
ALTER DEFAULT PRIVILEGES FOR ROLE supabase_admin IN SCHEMA graphql GRANT ALL ON FUNCTIONS  TO anon;
ALTER DEFAULT PRIVILEGES FOR ROLE supabase_admin IN SCHEMA graphql GRANT ALL ON FUNCTIONS  TO authenticated;
ALTER DEFAULT PRIVILEGES FOR ROLE supabase_admin IN SCHEMA graphql GRANT ALL ON FUNCTIONS  TO service_role;


--
-- Name: DEFAULT PRIVILEGES FOR TABLES; Type: DEFAULT ACL; Schema: graphql; Owner: supabase_admin
--

ALTER DEFAULT PRIVILEGES FOR ROLE supabase_admin IN SCHEMA graphql GRANT ALL ON TABLES  TO postgres;
ALTER DEFAULT PRIVILEGES FOR ROLE supabase_admin IN SCHEMA graphql GRANT ALL ON TABLES  TO anon;
ALTER DEFAULT PRIVILEGES FOR ROLE supabase_admin IN SCHEMA graphql GRANT ALL ON TABLES  TO authenticated;
ALTER DEFAULT PRIVILEGES FOR ROLE supabase_admin IN SCHEMA graphql GRANT ALL ON TABLES  TO service_role;


--
-- Name: DEFAULT PRIVILEGES FOR SEQUENCES; Type: DEFAULT ACL; Schema: graphql_public; Owner: supabase_admin
--

ALTER DEFAULT PRIVILEGES FOR ROLE supabase_admin IN SCHEMA graphql_public GRANT ALL ON SEQUENCES  TO postgres;
ALTER DEFAULT PRIVILEGES FOR ROLE supabase_admin IN SCHEMA graphql_public GRANT ALL ON SEQUENCES  TO anon;
ALTER DEFAULT PRIVILEGES FOR ROLE supabase_admin IN SCHEMA graphql_public GRANT ALL ON SEQUENCES  TO authenticated;
ALTER DEFAULT PRIVILEGES FOR ROLE supabase_admin IN SCHEMA graphql_public GRANT ALL ON SEQUENCES  TO service_role;


--
-- Name: DEFAULT PRIVILEGES FOR FUNCTIONS; Type: DEFAULT ACL; Schema: graphql_public; Owner: supabase_admin
--

ALTER DEFAULT PRIVILEGES FOR ROLE supabase_admin IN SCHEMA graphql_public GRANT ALL ON FUNCTIONS  TO postgres;
ALTER DEFAULT PRIVILEGES FOR ROLE supabase_admin IN SCHEMA graphql_public GRANT ALL ON FUNCTIONS  TO anon;
ALTER DEFAULT PRIVILEGES FOR ROLE supabase_admin IN SCHEMA graphql_public GRANT ALL ON FUNCTIONS  TO authenticated;
ALTER DEFAULT PRIVILEGES FOR ROLE supabase_admin IN SCHEMA graphql_public GRANT ALL ON FUNCTIONS  TO service_role;


--
-- Name: DEFAULT PRIVILEGES FOR TABLES; Type: DEFAULT ACL; Schema: graphql_public; Owner: supabase_admin
--

ALTER DEFAULT PRIVILEGES FOR ROLE supabase_admin IN SCHEMA graphql_public GRANT ALL ON TABLES  TO postgres;
ALTER DEFAULT PRIVILEGES FOR ROLE supabase_admin IN SCHEMA graphql_public GRANT ALL ON TABLES  TO anon;
ALTER DEFAULT PRIVILEGES FOR ROLE supabase_admin IN SCHEMA graphql_public GRANT ALL ON TABLES  TO authenticated;
ALTER DEFAULT PRIVILEGES FOR ROLE supabase_admin IN SCHEMA graphql_public GRANT ALL ON TABLES  TO service_role;


--
-- Name: DEFAULT PRIVILEGES FOR SEQUENCES; Type: DEFAULT ACL; Schema: pgsodium; Owner: supabase_admin
--

ALTER DEFAULT PRIVILEGES FOR ROLE supabase_admin IN SCHEMA pgsodium GRANT ALL ON SEQUENCES  TO pgsodium_keyholder;


--
-- Name: DEFAULT PRIVILEGES FOR TABLES; Type: DEFAULT ACL; Schema: pgsodium; Owner: supabase_admin
--

ALTER DEFAULT PRIVILEGES FOR ROLE supabase_admin IN SCHEMA pgsodium GRANT ALL ON TABLES  TO pgsodium_keyholder;


--
-- Name: DEFAULT PRIVILEGES FOR SEQUENCES; Type: DEFAULT ACL; Schema: pgsodium_masks; Owner: supabase_admin
--

ALTER DEFAULT PRIVILEGES FOR ROLE supabase_admin IN SCHEMA pgsodium_masks GRANT ALL ON SEQUENCES  TO pgsodium_keyiduser;


--
-- Name: DEFAULT PRIVILEGES FOR FUNCTIONS; Type: DEFAULT ACL; Schema: pgsodium_masks; Owner: supabase_admin
--

ALTER DEFAULT PRIVILEGES FOR ROLE supabase_admin IN SCHEMA pgsodium_masks GRANT ALL ON FUNCTIONS  TO pgsodium_keyiduser;


--
-- Name: DEFAULT PRIVILEGES FOR TABLES; Type: DEFAULT ACL; Schema: pgsodium_masks; Owner: supabase_admin
--

ALTER DEFAULT PRIVILEGES FOR ROLE supabase_admin IN SCHEMA pgsodium_masks GRANT ALL ON TABLES  TO pgsodium_keyiduser;


--
-- Name: DEFAULT PRIVILEGES FOR SEQUENCES; Type: DEFAULT ACL; Schema: public; Owner: postgres
--

ALTER DEFAULT PRIVILEGES FOR ROLE postgres IN SCHEMA public GRANT ALL ON SEQUENCES  TO postgres;
ALTER DEFAULT PRIVILEGES FOR ROLE postgres IN SCHEMA public GRANT ALL ON SEQUENCES  TO anon;
ALTER DEFAULT PRIVILEGES FOR ROLE postgres IN SCHEMA public GRANT ALL ON SEQUENCES  TO authenticated;
ALTER DEFAULT PRIVILEGES FOR ROLE postgres IN SCHEMA public GRANT ALL ON SEQUENCES  TO service_role;


--
-- Name: DEFAULT PRIVILEGES FOR SEQUENCES; Type: DEFAULT ACL; Schema: public; Owner: supabase_admin
--

ALTER DEFAULT PRIVILEGES FOR ROLE supabase_admin IN SCHEMA public GRANT ALL ON SEQUENCES  TO postgres;
ALTER DEFAULT PRIVILEGES FOR ROLE supabase_admin IN SCHEMA public GRANT ALL ON SEQUENCES  TO anon;
ALTER DEFAULT PRIVILEGES FOR ROLE supabase_admin IN SCHEMA public GRANT ALL ON SEQUENCES  TO authenticated;
ALTER DEFAULT PRIVILEGES FOR ROLE supabase_admin IN SCHEMA public GRANT ALL ON SEQUENCES  TO service_role;


--
-- Name: DEFAULT PRIVILEGES FOR FUNCTIONS; Type: DEFAULT ACL; Schema: public; Owner: postgres
--

ALTER DEFAULT PRIVILEGES FOR ROLE postgres IN SCHEMA public GRANT ALL ON FUNCTIONS  TO postgres;
ALTER DEFAULT PRIVILEGES FOR ROLE postgres IN SCHEMA public GRANT ALL ON FUNCTIONS  TO anon;
ALTER DEFAULT PRIVILEGES FOR ROLE postgres IN SCHEMA public GRANT ALL ON FUNCTIONS  TO authenticated;
ALTER DEFAULT PRIVILEGES FOR ROLE postgres IN SCHEMA public GRANT ALL ON FUNCTIONS  TO service_role;


--
-- Name: DEFAULT PRIVILEGES FOR FUNCTIONS; Type: DEFAULT ACL; Schema: public; Owner: supabase_admin
--

ALTER DEFAULT PRIVILEGES FOR ROLE supabase_admin IN SCHEMA public GRANT ALL ON FUNCTIONS  TO postgres;
ALTER DEFAULT PRIVILEGES FOR ROLE supabase_admin IN SCHEMA public GRANT ALL ON FUNCTIONS  TO anon;
ALTER DEFAULT PRIVILEGES FOR ROLE supabase_admin IN SCHEMA public GRANT ALL ON FUNCTIONS  TO authenticated;
ALTER DEFAULT PRIVILEGES FOR ROLE supabase_admin IN SCHEMA public GRANT ALL ON FUNCTIONS  TO service_role;


--
-- Name: DEFAULT PRIVILEGES FOR TABLES; Type: DEFAULT ACL; Schema: public; Owner: postgres
--

ALTER DEFAULT PRIVILEGES FOR ROLE postgres IN SCHEMA public GRANT ALL ON TABLES  TO postgres;
ALTER DEFAULT PRIVILEGES FOR ROLE postgres IN SCHEMA public GRANT ALL ON TABLES  TO anon;
ALTER DEFAULT PRIVILEGES FOR ROLE postgres IN SCHEMA public GRANT ALL ON TABLES  TO authenticated;
ALTER DEFAULT PRIVILEGES FOR ROLE postgres IN SCHEMA public GRANT ALL ON TABLES  TO service_role;


--
-- Name: DEFAULT PRIVILEGES FOR TABLES; Type: DEFAULT ACL; Schema: public; Owner: supabase_admin
--

ALTER DEFAULT PRIVILEGES FOR ROLE supabase_admin IN SCHEMA public GRANT ALL ON TABLES  TO postgres;
ALTER DEFAULT PRIVILEGES FOR ROLE supabase_admin IN SCHEMA public GRANT ALL ON TABLES  TO anon;
ALTER DEFAULT PRIVILEGES FOR ROLE supabase_admin IN SCHEMA public GRANT ALL ON TABLES  TO authenticated;
ALTER DEFAULT PRIVILEGES FOR ROLE supabase_admin IN SCHEMA public GRANT ALL ON TABLES  TO service_role;


--
-- Name: DEFAULT PRIVILEGES FOR SEQUENCES; Type: DEFAULT ACL; Schema: realtime; Owner: supabase_admin
--

ALTER DEFAULT PRIVILEGES FOR ROLE supabase_admin IN SCHEMA realtime GRANT ALL ON SEQUENCES  TO postgres;
ALTER DEFAULT PRIVILEGES FOR ROLE supabase_admin IN SCHEMA realtime GRANT ALL ON SEQUENCES  TO dashboard_user;


--
-- Name: DEFAULT PRIVILEGES FOR FUNCTIONS; Type: DEFAULT ACL; Schema: realtime; Owner: supabase_admin
--

ALTER DEFAULT PRIVILEGES FOR ROLE supabase_admin IN SCHEMA realtime GRANT ALL ON FUNCTIONS  TO postgres;
ALTER DEFAULT PRIVILEGES FOR ROLE supabase_admin IN SCHEMA realtime GRANT ALL ON FUNCTIONS  TO dashboard_user;


--
-- Name: DEFAULT PRIVILEGES FOR TABLES; Type: DEFAULT ACL; Schema: realtime; Owner: supabase_admin
--

ALTER DEFAULT PRIVILEGES FOR ROLE supabase_admin IN SCHEMA realtime GRANT ALL ON TABLES  TO postgres;
ALTER DEFAULT PRIVILEGES FOR ROLE supabase_admin IN SCHEMA realtime GRANT ALL ON TABLES  TO dashboard_user;


--
-- Name: DEFAULT PRIVILEGES FOR SEQUENCES; Type: DEFAULT ACL; Schema: storage; Owner: postgres
--

ALTER DEFAULT PRIVILEGES FOR ROLE postgres IN SCHEMA storage GRANT ALL ON SEQUENCES  TO postgres;
ALTER DEFAULT PRIVILEGES FOR ROLE postgres IN SCHEMA storage GRANT ALL ON SEQUENCES  TO anon;
ALTER DEFAULT PRIVILEGES FOR ROLE postgres IN SCHEMA storage GRANT ALL ON SEQUENCES  TO authenticated;
ALTER DEFAULT PRIVILEGES FOR ROLE postgres IN SCHEMA storage GRANT ALL ON SEQUENCES  TO service_role;


--
-- Name: DEFAULT PRIVILEGES FOR FUNCTIONS; Type: DEFAULT ACL; Schema: storage; Owner: postgres
--

ALTER DEFAULT PRIVILEGES FOR ROLE postgres IN SCHEMA storage GRANT ALL ON FUNCTIONS  TO postgres;
ALTER DEFAULT PRIVILEGES FOR ROLE postgres IN SCHEMA storage GRANT ALL ON FUNCTIONS  TO anon;
ALTER DEFAULT PRIVILEGES FOR ROLE postgres IN SCHEMA storage GRANT ALL ON FUNCTIONS  TO authenticated;
ALTER DEFAULT PRIVILEGES FOR ROLE postgres IN SCHEMA storage GRANT ALL ON FUNCTIONS  TO service_role;


--
-- Name: DEFAULT PRIVILEGES FOR TABLES; Type: DEFAULT ACL; Schema: storage; Owner: postgres
--

ALTER DEFAULT PRIVILEGES FOR ROLE postgres IN SCHEMA storage GRANT ALL ON TABLES  TO postgres;
ALTER DEFAULT PRIVILEGES FOR ROLE postgres IN SCHEMA storage GRANT ALL ON TABLES  TO anon;
ALTER DEFAULT PRIVILEGES FOR ROLE postgres IN SCHEMA storage GRANT ALL ON TABLES  TO authenticated;
ALTER DEFAULT PRIVILEGES FOR ROLE postgres IN SCHEMA storage GRANT ALL ON TABLES  TO service_role;


--
-- Name: issue_graphql_placeholder; Type: EVENT TRIGGER; Schema: -; Owner: supabase_admin
--

CREATE EVENT TRIGGER issue_graphql_placeholder ON sql_drop
         WHEN TAG IN ('DROP EXTENSION')
   EXECUTE FUNCTION extensions.set_graphql_placeholder();


ALTER EVENT TRIGGER issue_graphql_placeholder OWNER TO supabase_admin;

--
-- Name: issue_pg_cron_access; Type: EVENT TRIGGER; Schema: -; Owner: supabase_admin
--

CREATE EVENT TRIGGER issue_pg_cron_access ON ddl_command_end
         WHEN TAG IN ('CREATE EXTENSION')
   EXECUTE FUNCTION extensions.grant_pg_cron_access();


ALTER EVENT TRIGGER issue_pg_cron_access OWNER TO supabase_admin;

--
-- Name: issue_pg_graphql_access; Type: EVENT TRIGGER; Schema: -; Owner: supabase_admin
--

CREATE EVENT TRIGGER issue_pg_graphql_access ON ddl_command_end
         WHEN TAG IN ('CREATE FUNCTION')
   EXECUTE FUNCTION extensions.grant_pg_graphql_access();


ALTER EVENT TRIGGER issue_pg_graphql_access OWNER TO supabase_admin;

--
-- Name: issue_pg_net_access; Type: EVENT TRIGGER; Schema: -; Owner: postgres
--

CREATE EVENT TRIGGER issue_pg_net_access ON ddl_command_end
         WHEN TAG IN ('CREATE EXTENSION')
   EXECUTE FUNCTION extensions.grant_pg_net_access();


ALTER EVENT TRIGGER issue_pg_net_access OWNER TO postgres;

--
-- Name: pgrst_ddl_watch; Type: EVENT TRIGGER; Schema: -; Owner: supabase_admin
--

CREATE EVENT TRIGGER pgrst_ddl_watch ON ddl_command_end
   EXECUTE FUNCTION extensions.pgrst_ddl_watch();


ALTER EVENT TRIGGER pgrst_ddl_watch OWNER TO supabase_admin;

--
-- Name: pgrst_drop_watch; Type: EVENT TRIGGER; Schema: -; Owner: supabase_admin
--

CREATE EVENT TRIGGER pgrst_drop_watch ON sql_drop
   EXECUTE FUNCTION extensions.pgrst_drop_watch();


ALTER EVENT TRIGGER pgrst_drop_watch OWNER TO supabase_admin;

--
-- PostgreSQL database dump complete
--

--
-- PostgreSQL database cluster dump complete
--

